ID,Name,Address,Phone,WeChat,Email,Profession,Birth,Risk,hasDDL,Deadline,Treatment
1,Clint Clark,"Caxton  Hill, 3423",6-842-116-5417,WqhFQLZO7i,Clint_Clark5098@brety.org,4,6/25/1994,2,TRUE,5/17/2022,1
2,Danielle Everett,"Bocking   Grove, 2868",2-765-586-1412,irlwMO40js,Danielle_Everett9577@muall.tech,2,9/3/1972,1,TRUE,5/13/2022,2
3,Julius Whinter,"Pine Road, 5176",7-227-647-8873,Sl2iSNUlPF,Julius_Whinter7806@muall.tech,0,5/10/1973,2,TRUE,8/9/2022,2
4,Ivette Upsdell,"Bacton   Rue, 5477",4-885-061-0334,ccwaFnIvJ4,Ivette_Upsdell349@fuliss.net,6,5/4/1992,0,FALSE,9/14/2022,0
5,Chester Radcliffe,"Chambers  Road, 3173",3-434-586-0857,kDgne5BOzU,Chester_Radcliffe8611@bulaffy.com,1,6/18/2014,0,FALSE,6/23/2022,0
6,Domenic Atkinson,"Enford   Tunnel, 4742",4-235-282-1322,0uK9klHnhJ,Domenic_Atkinson2860@yahoo.com,4,7/3/1990,2,FALSE,11/19/2022,1
7,Rosalee Woodcock,"Longmoore   Lane, 8830",6-587-037-8417,h3tTPRuKLf,Rosalee_Woodcock7184@ubusive.com,1,8/5/1991,2,TRUE,5/24/2022,1
8,Erica Swan,"Fieldstone Way, 133",2-416-424-0406,tKuXCTyYNR,Erica_Swan8937@deons.tech,3,3/25/1971,2,FALSE,12/19/2022,2
9,Ronald Abbey,"Cadogan  Pass, 1206",2-047-230-4361,eyXsXarp57,Ronald_Abbey3510@famism.biz,4,7/29/1974,2,TRUE,8/25/2022,1
10,Elijah Stone ,"Blenkarne  Vale, 6661",3-761-542-6345,17wK8B3unv,Elijah_Stone 1069@vetan.org,6,10/14/1983,1,TRUE,5/7/2022,0
11,Leilani Norton,"Edwin   Road, 6293",3-752-756-2181,beg3TQv7FD,Leilani_Norton7033@twipet.com,6,8/24/1996,0,FALSE,8/7/2022,2
12,Anthony Amstead,"Emily  Street, 6534",7-035-256-8017,x26jrgnwYQ,Anthony_Amstead7467@yahoo.com,0,2/7/1996,0,TRUE,11/3/2022,1
13,Tom Morrow,"Chesterfield  Way, 9310",6-370-252-8443,4gyXDEYFU9,Tom_Morrow3008@deavo.com,1,12/13/1992,1,TRUE,8/10/2022,0
14,Carter Mould,"Boleyn  Pass, 9009",6-576-473-6817,2kP5amqmYW,Carter_Mould7445@eirey.tech,6,1/12/1977,0,TRUE,6/11/2022,2
15,Bryon Partridge,"Bond Rue, 5782",4-453-642-7822,MUVh5Z5k5A,Bryon_Partridge7399@vetan.org,3,9/6/1972,1,TRUE,12/21/2022,0
16,Liam Drake,"Bempton   Vale, 6028",3-068-187-2568,hYsjs2LYAS,Liam_Drake8449@gembat.biz,2,10/17/1984,1,FALSE,11/21/2022,0
17,Greta Roberts,"Marina  Boulevard, 841",8-867-632-2418,4aITe0amdx,Greta_Roberts5058@guentu.biz,6,9/20/2016,0,FALSE,10/25/2022,1
18,Erin Dowson,"Bel   Rue, 8576",3-771-581-5600,jEzRcDu7Up,Erin_Dowson8479@nanoff.biz,5,9/27/1995,0,FALSE,8/5/2022,1
19,Helen Graham,"Paris   Boulevard, 9607",1-060-410-0052,UXULjq6r03,Helen_Graham534@gompie.com,5,1/6/2007,2,TRUE,11/1/2022,0
20,Ryan Ross,"Camley   Boulevard, 3384",6-804-601-3542,uAdDHgAT5V,Ryan_Ross7987@jiman.org,4,10/5/2013,0,FALSE,8/16/2022,1
21,Noah Wilkinson,"Antrobus   Road, 6511",4-362-003-8800,IzY94taouJ,Noah_Wilkinson7286@jiman.org,6,3/26/1972,1,TRUE,6/8/2022,1
22,Doug Duvall,"Thomas  Hill, 8359",5-831-426-2321,gaRfuGuPY2,Doug_Duvall7068@vetan.org,5,7/8/2016,2,FALSE,11/21/2022,2
23,Alexia Whittle,"Elystan  Grove, 7321",0-820-850-6167,TtL71VoO6I,Alexia_Whittle5488@twipet.com,2,9/20/1990,0,TRUE,8/23/2022,0
24,Ramon Tate,"Blake  Walk, 2638",5-482-140-6727,m5dkcl7si7,Ramon_Tate3925@gompie.com,5,10/28/1981,2,FALSE,8/17/2022,2
25,Phillip Hopkins,"Heritage Vale, 8796",3-867-470-7883,cxPTM4JBQg,Phillip_Hopkins8047@guentu.biz,6,5/24/2015,0,TRUE,12/6/2022,0
26,Cassandra Townend,"Bethwin  Route, 3853",7-127-580-5516,ZB4VkG35fE,Cassandra_Townend601@deavo.com,6,7/23/1971,0,FALSE,9/19/2022,2
27,Jasmine Nelson,"Blanchard  Tunnel, 8856",8-128-144-8457,t10TzZTzwT,Jasmine_Nelson1018@cispeto.com,2,1/7/1999,1,FALSE,5/21/2022,2
28,Vicky Bingham,"Spruce Walk, 5328",2-744-472-8248,MMejyoAbk2,Vicky_Bingham1472@acrit.org,3,11/7/1994,0,FALSE,5/19/2022,0
29,Jacqueline Gosling,"Wake  Walk, 7122",3-508-877-1472,uRMoIZ8Drt,Jacqueline_Gosling4411@nimogy.biz,6,8/20/1994,2,TRUE,6/17/2022,0
30,Barry Webster,"Adelaide  Avenue, 5949",8-834-123-2531,o5H838LfsM,Barry_Webster9863@atink.com,2,10/18/2000,2,FALSE,5/16/2022,1
31,Cristal Allington,"Bazely   Rue, 1425",7-325-846-0632,31yY4z62nv,Cristal_Allington8775@gmail.com,1,3/30/1985,0,FALSE,11/17/2022,2
32,Rocco Wallace,"Cavendish Avenue, 455",7-475-111-5078,IVEX89BV0U,Rocco_Wallace2867@brety.org,3,8/20/1997,2,TRUE,6/12/2022,0
33,Leroy Gregory,"Berry  Road, 1226",8-533-263-3887,sKorgvQEpu,Leroy_Gregory6845@nimogy.biz,3,1/25/2007,0,FALSE,12/4/2022,1
34,Shelby Eyres,"Tilloch   Street, 8499",1-840-641-6124,yrXWM24tq8,Shelby_Eyres8634@nanoff.biz,6,2/12/2022,2,TRUE,10/3/2022,2
35,Joseph Shaw,"Cadogan  Pass, 2561",4-838-504-5768,7jh2QznDIs,Joseph_Shaw2031@dionrab.com,1,11/2/2004,2,TRUE,5/8/2022,1
36,William Ellison,"Baylis  Tunnel, 9169",0-108-068-4328,hjlhQ0NQlT,William_Ellison481@sheye.org,1,7/27/2007,0,FALSE,11/11/2022,2
37,Ruth Farrow,"Blackheath  Vale, 9939",1-214-645-5881,P7nlBW0OY2,Ruth_Farrow7965@tonsy.org,3,6/23/1995,1,FALSE,6/6/2022,1
38,Alison Mann,"Baylis  Hill, 2327",8-213-545-6401,Q3uHUEoDVV,Alison_Mann2175@fuliss.net,6,8/4/2012,0,FALSE,5/30/2022,0
39,Margaret Welsch,"Chart   Crossroad, 9415",6-384-677-3118,QKN3wOMhMX,Margaret_Welsch9538@vetan.org,6,2/16/2017,1,TRUE,10/20/2022,2
40,Ellen Flett,"Fairfield  Street, 9324",5-740-578-0053,ZSmjtu4no3,Ellen_Flett9295@extex.org,4,10/6/1992,1,TRUE,8/22/2022,2
41,Meredith Hobbs,"Caldwell   Grove, 430",1-876-028-1482,Y0iBr0zjyZ,Meredith_Hobbs8904@cispeto.com,1,2/8/1978,0,TRUE,7/15/2022,2
42,Aileen Johnson,"Belmore  Way, 1481",7-245-608-3576,kBmnPYkja1,Aileen_Johnson2436@atink.com,3,9/25/2001,0,TRUE,9/14/2022,1
43,Cara Gray,"Wadham  Avenue, 929",6-811-361-7825,iqLRjG9BlJ,Cara_Gray6745@joiniaa.com,3,9/11/1986,1,TRUE,11/30/2022,2
44,Jackeline Campbell,"Thomas  Vale, 8946",8-027-308-0130,X036Cjk0OV,Jackeline_Campbell5085@eirey.tech,3,3/27/1990,1,TRUE,8/18/2022,2
45,Aeris Franks,"Fawn Alley, 3159",1-241-345-1462,hH5icwyYVg,Aeris_Franks6785@gompie.com,5,12/6/2020,0,TRUE,10/9/2022,0
46,Ronald Hamilton,"Blore  Road, 8937",3-267-080-8512,iOuwhurNf6,Ronald_Hamilton9519@bulaffy.com,4,12/11/1970,2,FALSE,8/8/2022,0
47,Peyton Noach,"Angrave    Rue, 716",8-510-406-6642,Vzi7dY9vr0,Peyton_Noach4063@extex.org,0,3/3/2010,2,TRUE,9/8/2022,0
48,Jayden Harper,"Bacton   Vale, 9219",5-273-208-1437,AB7OfoFT6R,Jayden_Harper9786@guentu.biz,1,3/25/2020,2,TRUE,10/7/2022,1
49,Evie Radley,"Carnegie   Pass, 7061",6-513-648-0805,tfOnpbob9u,Evie_Radley2328@liret.org,6,12/1/2010,2,TRUE,12/20/2022,1
50,Kamila Slater,"Bayberry Grove, 4387",3-268-080-5130,3Ju7bWTmbU,Kamila_Slater7594@atink.com,1,12/21/1975,2,FALSE,12/3/2022,1
51,Claire Weasley,"Collins  Crossroad, 8612",1-584-508-5572,c1BHlGhweh,Claire_Weasley1668@iatim.tech,1,11/11/1995,0,TRUE,12/20/2022,0
52,Winnie Wise,"Clere  Hill, 555",5-721-530-1803,6iVUC8qCfW,Winnie_Wise7731@irrepsy.com,1,12/1/2015,2,TRUE,11/12/2022,2
53,Boris Santos,"Cleveland  Rue, 749",0-420-004-1316,GkDr1TEOSb,Boris_Santos9685@supunk.biz,3,6/30/1982,1,TRUE,5/31/2022,0
54,Rocco Donnelly,"Andrews  Alley, 8637",7-765-568-8083,0QWnEJvzNC,Rocco_Donnelly6352@muall.tech,5,1/15/1973,1,TRUE,7/25/2022,0
55,Liliana Cann,"Tiptree   Crossroad, 5415",8-074-121-5236,vj0yNL0iYm,Liliana_Cann2698@bretoux.com,1,9/4/2002,2,FALSE,11/9/2022,1
56,Priscilla Whatson,"Aylward   Rue, 7799",0-321-153-1523,bNb5sto3pb,Priscilla_Whatson3002@bauros.biz,2,4/14/2001,1,TRUE,7/31/2022,1
57,Dorothy Morrison,"Chestnut  Drive, 345",1-635-531-4342,LN9Uwo9l3v,Dorothy_Morrison628@grannar.com,5,4/24/2015,0,TRUE,10/31/2022,0
58,Enoch Alcroft,"Cavaye  Pass, 2530",1-280-517-1344,7fDQGGmxOE,Enoch_Alcroft6958@gmail.com,4,11/18/2009,1,FALSE,11/15/2022,2
59,Isabel Saunders,"Archery  Vale, 6809",4-005-171-5535,VRdKc6PU8q,Isabel_Saunders4907@nimogy.biz,6,10/3/2007,0,FALSE,12/17/2022,0
60,Ramon Trent,"Angrave    Avenue, 9790",4-760-842-7124,4HI9BZJ1KG,Ramon_Trent9503@acrit.org,5,12/20/1993,2,FALSE,11/7/2022,0
61,Rosa Collingwood,"Caroline  Drive, 2530",6-788-204-3165,g5U2ig8n2m,Rosa_Collingwood1052@yahoo.com,6,4/23/1997,1,FALSE,7/11/2022,1
62,Analise Horton,"Collins  Grove, 4212",4-400-522-3482,u7Fnl09d92,Analise_Horton7676@nimogy.biz,6,2/13/1990,2,TRUE,9/22/2022,2
63,Rachael Russell,"Thoresby   Route, 2667",0-626-747-0873,71birxEsz4,Rachael_Russell9077@womeona.net,5,3/20/1987,2,TRUE,9/11/2022,2
64,Percy Weasley,"Lincoln Alley, 8472",8-230-252-0562,8NiWMOcZrT,Percy_Weasley889@joiniaa.com,3,10/18/1985,1,TRUE,6/25/2022,1
65,Anabelle Fox,"Vine  Hill, 7060",7-108-156-0768,BgZg011tzQ,Anabelle_Fox6522@womeona.net,1,11/18/1994,1,TRUE,10/2/2022,0
66,Maxwell Mitchell,"Camelot   Boulevard, 7363",6-277-412-4307,rvtbKk1fqh,Maxwell_Mitchell3487@joiniaa.com,0,6/24/1972,1,FALSE,11/23/2022,0
67,Ellen Lambert,"Liverpool  Rue, 2729",1-405-888-1265,I5mLZ3pzXF,Ellen_Lambert5130@yahoo.com,0,11/11/1980,1,FALSE,7/21/2022,2
68,Roger Denton,"Camera  Street, 1203",1-847-664-8760,KySLnb9Ykv,Roger_Denton1790@womeona.net,5,6/7/1989,0,FALSE,5/17/2022,0
69,Chester Howard,"Parkfields Boulevard, 4905",7-288-311-7085,UZlVBZtbCv,Chester_Howard8004@qater.org,4,4/22/2001,0,TRUE,10/9/2022,1
70,Kassandra Watson,"Castile  Grove, 2065",4-051-466-7316,PuPsCYRYYd,Kassandra_Watson104@bauros.biz,0,11/19/1982,2,FALSE,11/17/2022,0
71,Cadence Fall,"Erindale Tunnel, 8656",2-768-234-4161,5JCshTo5DG,Cadence_Fall1907@fuliss.net,3,8/4/1987,2,TRUE,12/8/2022,1
72,Ivy Brennan,"Bicknell  Pass, 8298",8-121-686-2483,euLvGxNmac,Ivy_Brennan9750@nimogy.biz,1,10/24/2010,2,FALSE,7/8/2022,0
73,Celia Kerr,"Chancellor  Crossroad, 4381",1-687-538-7687,CJRW7eKYQB,Celia_Kerr1087@bretoux.com,3,11/3/2004,0,FALSE,6/27/2022,1
74,Beatrice Grady,"Blandford  Avenue, 3619",3-078-123-5613,rZjZBYgJz1,Beatrice_Grady3188@naiker.biz,6,9/5/2009,2,FALSE,12/22/2022,0
75,Julia Collis,"Cheltenham  Tunnel, 4268",4-888-345-7623,dtoeHO7LSj,Julia_Collis4065@nickia.com,0,5/17/1980,2,FALSE,11/7/2022,0
76,Eileen James,"Blackall   Avenue, 2189",2-716-248-0466,RK91DOxrnh,Eileen_James1873@dionrab.com,2,8/15/1995,0,FALSE,10/26/2022,2
77,Danny Moss,"Sherwood  Crossroad, 7030",8-870-547-2726,kLzpIxzO4P,Danny_Moss8859@sheye.org,0,12/21/2020,0,FALSE,11/22/2022,2
78,Harry Murray,"Dunsley  Pass, 9973",4-818-711-5278,Xs7bALyDNq,Harry_Murray6705@eirey.tech,5,1/19/1995,0,FALSE,11/6/2022,2
79,Rosemary Baldwin,"Bush  Street, 8324",2-181-245-8463,h8fSwuadVd,Rosemary_Baldwin9735@gompie.com,1,11/2/1973,1,FALSE,7/6/2022,2
80,Angelica Bell,"Battersea   Avenue, 116",7-653-627-5854,TV3VSjrFFN,Angelica_Bell883@kideod.biz,2,3/23/1994,1,FALSE,5/6/2022,2
81,Stephanie Devonport,"Fieldstone Hill, 8419",3-557-580-6758,EAXxwQP2mQ,Stephanie_Devonport363@famism.biz,1,5/20/2003,1,FALSE,12/20/2022,1
82,Maribel Williams,"Ampton  Pass, 5025",0-278-785-5664,FU4jTjYNyl,Maribel_Williams1447@jiman.org,2,5/20/2005,1,FALSE,7/2/2022,0
83,Thea Saunders,"Chestnut  Route, 6859",1-716-070-2530,IX332AkQJC,Thea_Saunders8979@bungar.biz,3,9/10/1992,0,FALSE,6/10/2022,0
84,Harvey Sawyer,"Sheffield Street, 8149",5-502-112-5468,j1NnS1tSNT,Harvey_Sawyer536@ovock.tech,0,2/1/1983,0,FALSE,12/17/2022,2
85,Taylor Clark,"Chesterfield  Tunnel, 3111",4-845-555-7828,MPAfjqB8nA,Taylor_Clark4446@gmail.com,2,6/1/2010,2,FALSE,8/29/2022,2
86,Lucas Price,"Fairview Grove, 6551",8-288-161-3886,vrnSGhEyEX,Lucas_Price1870@sveldo.biz,4,10/22/2013,1,FALSE,12/26/2022,1
87,Georgia Edwards,"Camelot   Tunnel, 288",3-746-464-7657,fiYQvNSGWA,Georgia_Edwards9171@fuliss.net,5,9/30/2021,2,FALSE,9/29/2022,0
88,Evie Hunter,"Western   Vale, 1155",2-857-246-1084,LU4Ba1nsGf,Evie_Hunter942@guentu.biz,0,2/18/2019,2,FALSE,5/13/2022,0
89,Percy Hope,"Bede  Way, 5207",5-020-137-8625,EpClMAh0eu,Percy_Hope9843@corti.com,2,11/15/2015,2,FALSE,5/26/2022,2
90,Victoria Whitmore,"Gatonby   Lane, 5053",8-703-081-1370,vXGvpjBIfZ,Victoria_Whitmore4465@dionrab.com,6,9/4/1980,1,FALSE,8/14/2022,1
91,Adalie Jobson,"Blackheath  Street, 8908",4-888-732-8377,tuYGguIJG8,Adalie_Jobson6665@womeona.net,1,6/13/1992,1,FALSE,10/15/2022,0
92,Melinda Vaughan,"Battersea   Alley, 8665",6-007-263-2281,z8E40XthyN,Melinda_Vaughan2350@gmail.com,4,8/6/1975,1,FALSE,5/9/2022,1
93,Noah Jeffery,"Fawn Drive, 7368",5-775-574-6211,uhPoerZq0x,Noah_Jeffery8565@hourpy.biz,4,4/6/2020,2,FALSE,6/22/2022,0
94,Jennifer Poole,"Tiptree   Drive, 2568",8-112-421-7581,NEG6vCKmFG,Jennifer_Poole7797@dionrab.com,2,11/7/2018,0,FALSE,5/15/2022,0
95,Mason Jackson,"Castle Vale, 6844",3-807-705-6732,QI3JLD2UAT,Mason_Jackson3876@naiker.biz,2,6/8/2013,0,FALSE,5/23/2022,0
96,Laila Parker,"Ashley Avenue, 9340",8-275-077-4265,xPIXBHt8gM,Laila_Parker9223@kideod.biz,4,3/2/1988,0,FALSE,8/21/2022,1
97,Gabriel Donnelly,"Dunstable   Boulevard, 357",4-235-521-8560,AS9sAzQQLj,Gabriel_Donnelly5841@bretoux.com,2,3/25/1981,0,FALSE,8/30/2022,0
98,Eduardo West,"Blackall   Lane, 495",5-254-844-3601,P5Gc47EVy1,Eduardo_West3638@qater.org,1,1/8/1979,2,FALSE,8/19/2022,1
99,Sebastian Brock,"West Route, 7532",3-018-120-2418,dhILPcZWv2,Sebastian_Brock1056@joiniaa.com,6,11/18/2002,1,FALSE,12/20/2022,1
100,Norah Furnell,"Gathorne   Alley, 9189",1-287-783-1037,hZm1QnTU5V,Norah_Furnell2804@naiker.biz,1,7/15/1978,2,FALSE,5/17/2022,1
101,Benjamin Craig,"Dyott   Alley, 6467",7-661-336-0611,1iIj1dopAM,Benjamin_Craig4547@cispeto.com,4,3/4/1984,0,FALSE,5/15/2022,0
102,Martin Rogers,"Dunton  Walk, 7493",0-624-110-1761,i4EbXMC4NN,Martin_Rogers8098@famism.biz,3,1/15/1976,0,FALSE,7/5/2022,0
103,Nick Plant,"Chambers  Grove, 691",1-802-041-1263,iqlgNpuYFj,Nick_Plant1428@nanoff.biz,6,2/14/1996,0,FALSE,6/6/2022,2
104,Sebastian Vane,"Chancellor  Route, 6168",8-453-461-2367,ekXfEyKtxv,Sebastian_Vane1758@dionrab.com,1,4/12/1999,1,FALSE,8/30/2022,2
105,Barney Lomax,"Bacton   Grove, 7802",0-452-155-1383,hFk0wYWwQu,Barney_Lomax3494@muall.tech,0,12/11/1983,0,FALSE,9/12/2022,0
106,John Shaw,"Balfour    Alley, 8950",5-645-786-6836,JCJCu0cDPg,John_Shaw8015@ovock.tech,6,8/5/1990,2,FALSE,6/16/2022,0
107,Doug Rowe,"Chambers  Tunnel, 3130",1-378-638-5883,HrzXzzhPZJ,Doug_Rowe6244@zorer.org,2,11/2/1977,1,FALSE,12/3/2022,1
108,Tony Walker,"Blanchard  Tunnel, 9896",4-118-108-4471,Tt0Jigevmi,Tony_Walker7836@deons.tech,5,1/20/1974,2,FALSE,12/4/2022,2
109,Doug Wood,"Blackpool  Tunnel, 897",1-356-851-3545,bPnarGX0iI,Doug_Wood9628@deavo.com,1,4/18/2018,2,FALSE,6/7/2022,0
110,Hank Allen,"Argyle  Lane, 5017",4-532-544-5717,BGq6LoXvmi,Hank_Allen6365@kideod.biz,2,10/17/1988,0,FALSE,9/17/2022,2
111,Logan Price,"Vintners  Way, 4785",6-356-314-5624,vnS6zG93kP,Logan_Price9748@corti.com,4,9/3/2003,1,FALSE,9/25/2022,0
112,Camden Windsor,"Ely  Road, 2362",5-578-670-1324,kjDOw2EDLi,Camden_Windsor7032@extex.org,2,5/22/2005,1,FALSE,11/20/2022,1
113,Danielle Alldridge,"Ampton  Crossroad, 8300",0-332-805-6002,5r2p1neNYw,Danielle_Alldridge7362@brety.org,4,4/26/1993,0,FALSE,10/10/2022,1
114,Abbey Henderson,"Sundown Grove, 6703",6-323-385-0818,mXbCVot0vV,Abbey_Henderson6868@nickia.com,3,10/11/1990,2,FALSE,9/6/2022,1
115,Jack Zaoui,"Apothecary   Street, 5358",4-587-508-6164,l0rUBqz8aM,Jack_Zaoui1768@jiman.org,3,10/13/2003,2,FALSE,12/2/2022,0
116,Samantha Upsdell,"Bacton   Crossroad, 3551",0-820-880-3156,nYwUSVeMjb,Samantha_Upsdell860@fuliss.net,3,7/31/2015,1,FALSE,7/11/2022,2
117,Sasha Thomas,"Blenkarne  Grove, 7208",8-250-728-6803,PmP4B5tJv0,Sasha_Thomas5749@bungar.biz,4,4/19/1989,1,FALSE,8/10/2022,1
118,Laila Ebbs,"Chester      Rue, 6226",2-243-202-6622,IFr2WTAt8l,Laila_Ebbs1216@twipet.com,6,11/21/2000,1,FALSE,9/11/2022,0
119,Joy Pickard,"Bellenden  Route, 3216",5-801-620-2527,cKsBMCmx8y,Joy_Pickard808@sveldo.biz,6,5/13/2009,0,FALSE,7/22/2022,1
120,Johnathan Wren,"Berriman  Vale, 3164",2-843-707-2424,ZuYfjxEZbK,Johnathan_Wren4436@famism.biz,1,5/13/2018,1,FALSE,6/6/2022,0
121,Marina Norburn,"Fawn Vale, 6597",4-700-780-2868,9stJy1SbuR,Marina_Norburn827@bungar.biz,1,2/15/1974,2,FALSE,5/10/2022,0
122,Mina Chappell,"Jackson Route, 9960",0-475-311-6380,OTYWW217U8,Mina_Chappell7427@gompie.com,2,6/23/2007,2,FALSE,8/12/2022,2
123,Dakota Boden,"Cleaver Walk, 9192",3-287-476-4354,gDDBV8h4jF,Dakota_Boden2391@infotech44.tech,3,9/6/1994,2,FALSE,6/5/2022,0
124,Mandy May,"Apollo  Walk, 9074",0-451-286-7326,pWMzGQXTUf,Mandy_May8735@sheye.org,5,1/17/1995,0,FALSE,9/9/2022,0
125,Michael Snell,"Billing  Boulevard, 5764",3-343-742-7174,adbZOv0nVc,Michael_Snell7504@naiker.biz,0,5/13/2010,2,FALSE,8/20/2022,2
126,Gina Bright,"Virgil   Lane, 70",6-571-716-2526,xN6HqnToQj,Gina_Bright8704@twace.org,6,7/9/1991,1,FALSE,11/14/2022,0
127,Vicky Morris,"Bekesbourne   Boulevard, 6604",8-564-451-1513,Hqnaza3xtv,Vicky_Morris9444@naiker.biz,1,10/30/1991,0,FALSE,10/31/2022,2
128,Marie Rodwell,"Clere  Route, 7592",8-112-866-2174,Cxl37weGKx,Marie_Rodwell5946@qater.org,2,2/18/1994,0,FALSE,10/18/2022,2
129,Angelica Clarke,"Chester  Boulevard, 7250",5-434-662-3032,ngO7SXu2ii,Angelica_Clarke580@famism.biz,5,12/23/1976,2,FALSE,6/6/2022,2
130,Rosemary Pitt,"Camdenhurst   Way, 7471",0-657-102-2041,DkwKhdmUFK,Rosemary_Pitt4993@mafthy.com,5,1/4/1983,1,FALSE,5/24/2022,1
131,Samara John,"Elizabeth  Hill, 732",3-262-106-3107,kDhklKzmSj,Samara_John1278@mafthy.com,2,10/20/1992,0,FALSE,5/17/2022,0
132,Hayden Shaw,"Bel   Hill, 1485",1-185-848-5475,niQfQsTy9L,Hayden_Shaw2895@yahoo.com,5,5/14/2020,2,FALSE,11/10/2022,2
133,Ivette Poulton,"Callcott   Grove, 9282",2-284-736-7631,fhj71GIpa8,Ivette_Poulton1218@bauros.biz,5,10/27/1972,0,FALSE,5/22/2022,1
134,Hayden Gray,"Bellenden  Road, 5360",6-603-522-6423,CRC7IjFa9D,Hayden_Gray6611@nickia.com,4,5/9/1987,2,FALSE,8/27/2022,0
135,Barry Lindsay,"Emily  Tunnel, 7645",4-657-604-7852,RHCeEEYGMm,Barry_Lindsay6172@qater.org,2,4/24/2012,1,FALSE,5/19/2022,2
136,Karla Glynn,"Apsley    Lane, 2921",8-762-713-0551,oNDI20KA7F,Karla_Glynn3406@kideod.biz,1,2/8/1998,1,FALSE,12/28/2022,2
137,Joseph Boyle,"Fawn Way, 5997",3-746-530-7454,518Miaiqvw,Joseph_Boyle9621@womeona.net,3,4/23/2002,2,FALSE,5/3/2022,1
138,Rebecca Hooper,"Longman   Hill, 1241",0-588-503-4562,T6zyYV9HoN,Rebecca_Hooper6108@famism.biz,0,6/18/2001,1,FALSE,10/21/2022,0
139,Cara Stevens,"Canning  Lane, 5485",5-678-062-6517,0j53YjxTVs,Cara_Stevens8710@sveldo.biz,4,4/21/1972,0,FALSE,7/31/2022,1
140,Caleb Gallacher,"Cavell   Alley, 9043",0-571-071-0535,ORhztjL6bW,Caleb_Gallacher9012@muall.tech,6,7/30/2012,2,FALSE,9/24/2022,1
141,Bernadette Grady,"Beaconsfield  Avenue, 1884",3-266-014-4628,mHnhG87X7G,Bernadette_Grady1768@atink.com,2,3/7/2009,0,FALSE,10/29/2022,0
142,Gina Poulton,"Littlebury  Crossroad, 6679",6-125-383-0720,BijFQIa89m,Gina_Poulton5761@ubusive.com,6,1/6/2000,1,FALSE,12/12/2022,1
143,Noah Archer,"Carnegie   Crossroad, 7654",6-488-560-0668,u61CH1P9HB,Noah_Archer187@elnee.tech,2,12/2/1985,0,FALSE,7/19/2022,1
144,Chester Morgan,"Glenwood Boulevard, 8626",1-767-511-2510,qlttqClqkw,Chester_Morgan2615@naiker.biz,3,2/6/1992,1,FALSE,9/10/2022,0
145,Cara Edwards,"Magnolia Crossroad, 1309",8-611-158-7451,8pvE5EMcK9,Cara_Edwards4004@muall.tech,5,6/14/2001,2,FALSE,7/27/2022,1
146,David Rivers,"Earl Rise Boulevard, 7807",3-328-757-1000,HFoIgBZil0,David_Rivers4736@famism.biz,6,7/6/1982,0,FALSE,11/24/2022,2
147,Phillip Bryson,"Unwin  Drive, 351",6-537-423-0310,pEt57SWuKW,Phillip_Bryson7132@famism.biz,0,2/1/1978,2,FALSE,7/30/2022,1
148,Valerie Richardson,"Thomas More   Route, 12",1-068-813-1673,x5zp9lVn18,Valerie_Richardson119@tonsy.org,6,5/14/2010,2,FALSE,12/8/2022,0
149,Brad Harris,"Sherlock   Vale, 9687",2-151-153-5785,rmgBL4vKL6,Brad_Harris8083@bretoux.com,0,9/17/2015,2,FALSE,12/25/2022,0
150,Manuel Jones,"Coborn  Walk, 1932",2-568-113-4663,O59BcymQzu,Manuel_Jones2341@bauros.biz,3,6/13/2019,2,FALSE,11/19/2022,1
151,Ciara Campbell,"Fieldstone Lane, 6764",7-340-065-1510,tx8bE3Q6Cp,Ciara_Campbell4906@cispeto.com,3,4/5/2019,0,FALSE,7/29/2022,1
152,Eryn Rehman,"Blendon    Route, 2001",4-327-000-8473,zd0AX13Jhd,Eryn_Rehman6246@dionrab.com,6,3/28/2009,0,FALSE,7/12/2022,1
153,Daron Hall,"Castlereagh   Grove, 8445",4-232-248-8554,2f0s3RWEbG,Daron_Hall8467@ovock.tech,3,12/8/1996,0,FALSE,6/15/2022,0
154,Maxwell Ianson,"Sheraton   Rue, 2125",6-054-436-0050,zmAtlT4wHk,Maxwell_Ianson2017@mafthy.com,6,8/1/1990,2,FALSE,10/12/2022,2
155,Janelle Craig,"Cavendish Drive, 944",3-866-635-3547,S8gmhfvDN9,Janelle_Craig5463@jiman.org,3,6/8/2020,0,FALSE,8/6/2022,0
156,Ivy Allen,"Adderley   Street, 384",6-852-534-1214,acsG2oLsLO,Ivy_Allen8146@atink.com,5,12/3/1973,2,FALSE,5/6/2022,1
157,Ramon Tutton,"North Crossroad, 5926",8-841-283-2570,UL9x61xNjC,Ramon_Tutton2544@acrit.org,2,2/14/1978,0,FALSE,12/23/2022,2
158,Daron Clarke,"Dunsley  Way, 1107",6-060-863-5141,HuShrkO7VH,Daron_Clarke9089@extex.org,3,12/3/2013,2,FALSE,10/5/2022,2
159,Eileen James,"Bloomsbury  Route, 4586",4-226-878-0546,DEQ9xFOLkq,Eileen_James3531@hourpy.biz,5,1/22/2016,1,FALSE,6/7/2022,1
160,Josh Button,"Boldero   Avenue, 9926",3-842-756-8107,THvvGYf0q4,Josh_Button2866@mafthy.com,6,6/2/1989,1,FALSE,5/31/2022,2
161,Adelaide Rowe,"Elba  Lane, 2951",5-043-671-1664,KZxEHYe1VZ,Adelaide_Rowe1698@grannar.com,0,6/15/2018,1,FALSE,7/1/2022,0
162,Karen Moran,"Birkbeck  Boulevard, 5347",2-075-583-8102,Wtk3YcecmR,Karen_Moran2350@grannar.com,4,6/29/1997,2,FALSE,7/26/2022,1
163,Nate Flett,"Blackpool  Grove, 9730",5-574-770-8563,QurPCfNE4V,Nate_Flett5563@jiman.org,6,9/25/2007,1,FALSE,5/19/2022,1
164,Julius Kaur,"Ellerslie Crossroad, 6382",5-518-603-4007,G2fmGT1vqr,Julius_Kaur6782@kideod.biz,0,12/28/2003,2,FALSE,9/27/2022,2
165,Sofia Rycroft,"Bletchley   Street, 6318",5-624-685-5773,jRK56KESx4,Sofia_Rycroft1679@bauros.biz,3,6/21/1991,0,FALSE,10/26/2022,1
166,Matt Fields,"Callcott   Route, 6788",2-537-101-1435,SAZse6xFUN,Matt_Fields1969@gmail.com,6,12/5/1976,0,FALSE,9/18/2022,2
167,Daron Stone,"Blackall   Boulevard, 3703",2-587-238-2340,i1FcGPbt0H,Daron_Stone110@yahoo.com,4,6/21/2010,2,FALSE,10/27/2022,1
168,Owen Newton,"Parkfield  Rue, 7005",3-665-703-5130,TJcPNhVF8w,Owen_Newton5954@ubusive.com,6,9/4/2011,2,FALSE,11/21/2022,0
169,Jack Wright,"Arbutus   Pass, 7601",8-014-338-0480,4Zp4wVuyz7,Jack_Wright2245@mafthy.com,2,10/19/1999,2,FALSE,12/15/2022,2
170,Winnie Gavin,"Woodland Way, 3812",1-060-682-1160,gl3yve15C2,Winnie_Gavin7850@famism.biz,4,11/27/2019,2,FALSE,8/9/2022,2
171,Eduardo Garner,"Gautrey  Way, 6388",8-382-634-6422,f4jeU7BIto,Eduardo_Garner2309@kideod.biz,6,2/26/1984,0,FALSE,6/19/2022,1
172,Audrey Irwin,"Hampden  Lane, 5435",4-453-885-4838,hW49v7ECLA,Audrey_Irwin3662@gompie.com,4,10/21/1971,1,FALSE,9/9/2022,2
173,Barney Atkinson,"Canon Drive, 3649",8-716-865-2224,srrhF95Ytm,Barney_Atkinson9963@yahoo.com,6,12/9/2014,1,FALSE,5/27/2022,1
174,Rylee Armstrong,"Angrave    Pass, 3656",5-822-474-3010,tmNt6zS4IQ,Rylee_Armstrong8559@nimogy.biz,2,4/7/1979,1,FALSE,12/15/2022,1
175,Ron Barclay,"Cheney  Grove, 368",2-863-732-8822,02mGuQ4E6O,Ron_Barclay4856@infotech44.tech,4,10/11/1983,0,FALSE,7/5/2022,2
176,Alessandra Johnson,"Badric  Way, 8098",2-601-002-4833,vsdxuBCJ2w,Alessandra_Johnson7528@typill.biz,6,2/12/1972,2,FALSE,9/27/2022,1
177,Michael Ashwell,"Pine Way, 1714",5-056-543-3012,GGuBd1NGwI,Michael_Ashwell3067@typill.biz,0,7/2/2009,2,FALSE,7/28/2022,2
178,Angelina Uttley,"Eaglet  Street, 5390",8-485-547-4216,Ls0CSOi8OB,Angelina_Uttley8734@iatim.tech,5,4/12/2010,1,FALSE,8/1/2022,2
179,Ryan Rycroft,"Camberwell  Avenue, 2503",4-824-514-5884,hH8fE5Hziy,Ryan_Rycroft7541@famism.biz,6,12/16/2013,2,FALSE,12/12/2022,1
180,Roger Stanley,"Carltoun   Tunnel, 5873",4-114-675-0065,OW6bw2QspA,Roger_Stanley3506@gompie.com,3,2/8/1973,0,FALSE,8/11/2022,0
181,Julius Norton,"Parkgate  Street, 42",2-101-766-0281,XWjkLiqbSV,Julius_Norton2456@bauros.biz,4,10/5/1988,2,FALSE,6/20/2022,0
182,Paula Brennan,"Gate   Rue, 3765",7-313-104-2571,3H2oAZc19U,Paula_Brennan5496@nanoff.biz,3,3/4/2007,0,FALSE,12/14/2022,1
183,Grace Harrington,"West Route, 3188",3-041-521-1033,xeqCOMloUt,Grace_Harrington8134@nanoff.biz,6,3/28/2016,1,FALSE,12/4/2022,2
184,Daron Anderson,"Catherine  Lane, 3925",6-056-216-2026,fuEjg0hOrb,Daron_Anderson1233@hourpy.biz,2,1/18/1997,0,FALSE,6/7/2022,0
185,Adina Craig,"Udall   Way, 7472",1-500-832-8814,hyL7jRON2Y,Adina_Craig7797@jiman.org,1,6/17/1976,1,FALSE,7/18/2022,2
186,Liam Nicolas,"Thrale   Grove, 1367",1-688-253-4203,8NtVaSv7Tk,Liam_Nicolas7902@grannar.com,0,8/4/2011,2,FALSE,8/31/2022,0
187,Phillip Graham,"Collins  Road, 5129",2-213-531-1105,SvJiVL7IO9,Phillip_Graham240@qater.org,1,2/24/1999,2,FALSE,9/28/2022,1
188,Daron Hancock,"Elizabeth  Route, 4522",7-315-416-5434,zMvgOa7yxI,Daron_Hancock779@tonsy.org,3,6/7/1994,0,FALSE,10/29/2022,0
189,Angelica Broomfield,"Blenkarne  Pass, 3592",0-555-176-8877,nWlTvPsH0o,Angelica_Broomfield4591@cispeto.com,2,6/13/2004,1,FALSE,8/4/2022,1
190,Michael Patel,"Canning  Tunnel, 6856",8-432-305-8352,HH3riFS5vf,Michael_Patel2167@vetan.org,6,11/17/1991,2,FALSE,7/7/2022,2
191,Aeris Latham,"Westcott  Lane, 5606",7-216-620-2614,LqdLq6b2pp,Aeris_Latham7556@twace.org,4,4/15/1988,2,FALSE,8/29/2022,2
192,Javier Cox,"College  Tunnel, 1556",5-015-208-0221,mUP3CMjZAm,Javier_Cox3965@supunk.biz,1,9/4/2007,1,FALSE,9/29/2022,2
193,Ruth James,"Bagford   Tunnel, 2559",6-535-374-1488,ebRhOr83sR,Ruth_James6281@cispeto.com,1,4/1/2004,0,FALSE,8/13/2022,0
194,Ellen Mcgee,"Clissold  Pass, 8530",0-675-015-8177,nmj7GIKAVZ,Ellen_Mcgee9394@bungar.biz,1,3/11/1996,2,FALSE,6/29/2022,1
195,Teagan Slater,"Thoresby   Street, 5234",3-533-370-6117,ytYbGupEw5,Teagan_Slater3489@guentu.biz,4,4/5/2000,2,FALSE,7/15/2022,0
196,Alexander Donnelly,"St. Johs  Pass, 7146",1-417-632-7557,G1YlEpxxhX,Alexander_Donnelly4724@typill.biz,5,6/2/2015,1,FALSE,9/21/2022,0
197,Tyson Graves,"King Lane, 1414",5-502-413-5771,suLUtqR6Fm,Tyson_Graves9881@supunk.biz,6,3/29/2021,2,FALSE,11/23/2022,2
198,Rocco Ebbs,"Bolton  Boulevard, 6684",2-235-474-6076,6HxgpLBV1C,Rocco_Ebbs8489@sheye.org,4,2/3/2022,0,FALSE,7/4/2022,2
199,Nathan James,"Commercial  Avenue, 1133",1-348-384-0115,bIcmbcpm3D,Nathan_James3699@irrepsy.com,3,7/27/2000,0,FALSE,5/14/2022,1
200,Mason Ashley,"Fairbairn  Tunnel, 979",0-680-770-4538,6ImDy37X25,Mason_Ashley6341@deons.tech,0,2/11/1978,2,FALSE,5/16/2022,0
