ID,Name,Address,Phone,WeChat,Email,Profession,Birth,Risk,hasDDL,Deadline,Treatment
1,Samantha Jackson,"Railroad Street, 655",3-115-122-3725,waYS3yxlpe,Samantha_Jackson522@sheye.org,2,4/14/1970,2,TRUE,7/6/2022,1
2,Ryan Curtis,"Cave   Boulevard, 6964",3-708-670-2078,2egjXXwmNW,Ryan_Curtis5626@sheye.org,1,6/13/2021,0,FALSE,9/17/2022,2
3,Ivy Farmer,"Rail Pass, 1766",7-567-736-7381,hHHUyC07TZ,Ivy_Farmer5265@atink.com,2,10/12/1981,0,FALSE,7/24/2022,1
4,Julian Booth,"Adderley   Boulevard, 5880",6-511-408-2545,L0ZvUdbo88,Julian_Booth1255@vetan.org,3,10/12/2000,2,FALSE,12/26/2022,1
5,Alexander Jenkin,"Heritage Walk, 1891",8-006-216-5602,YPXlh7th2j,Alexander_Jenkin2557@grannar.com,6,1/28/1996,2,FALSE,12/28/2022,2
6,Jackeline Harrington,"Blandford  Vale, 4339",8-706-358-1607,md3mnhCPxd,Jackeline_Harrington2390@bulaffy.com,5,1/3/1971,0,FALSE,8/13/2022,2
7,Shelby Lee,"West Way, 9155",5-466-038-6733,FnX7r3Ouj1,Shelby_Lee916@hourpy.biz,0,8/31/2004,2,TRUE,8/3/2022,0
8,Celia Summers,"Baylis  Pass, 6456",7-887-334-1127,ABCDfsoAOU,Celia_Summers6074@typill.biz,6,10/12/1972,0,TRUE,6/10/2022,2
9,Noah Ross,"Gavel   Rue, 3143",3-726-836-3261,2NeTMI8xwr,Noah_Ross1488@fuliss.net,0,10/16/1973,0,FALSE,7/30/2022,0
10,Nick Penn,"Sheringham   Road, 6796",7-204-723-0756,JL2mM0How2,Nick_Penn8320@twace.org,0,1/4/1987,1,TRUE,11/17/2022,1
11,Chad Harrington,"Bayberry Tunnel, 7807",6-416-314-0065,PbOxAI4JXZ,Chad_Harrington9083@elnee.tech,6,7/14/2008,2,TRUE,5/21/2022,1
12,Hazel Connor,"Rivervalley Pass, 1136",8-748-255-6282,NW1X0BL8nB,Hazel_Connor4826@nanoff.biz,6,1/19/2001,0,TRUE,7/12/2022,0
13,Benjamin Darcy,"Cleveland  Pass, 1719",1-468-778-0413,gaHFbmiU5M,Benjamin_Darcy233@womeona.net,6,8/14/2003,1,TRUE,8/7/2022,1
14,Ryan Wallace,"Sheffield Road, 7183",3-300-862-0800,3Lw8H4wVRy,Ryan_Wallace6338@iatim.tech,5,10/14/2009,1,TRUE,10/18/2022,2
15,Denis Emmett,"Hickory Lane Drive, 8691",2-033-642-6735,7zv3ssUREs,Denis_Emmett6632@joiniaa.com,3,1/12/1987,0,FALSE,6/12/2022,0
16,Erick Pope,"Virginia Road, 2556",5-372-765-6671,mM4Jnl5DKH,Erick_Pope7486@corti.com,4,3/16/1980,2,TRUE,8/17/2022,1
17,Sabina Reid,"Black Friars   Hill, 5820",8-572-852-7331,UMzHz1GEnk,Sabina_Reid2769@extex.org,4,4/12/1992,1,TRUE,11/4/2022,2
18,Clint Needham,"Linden Rue, 6346",8-203-802-4864,vE59pnO3UR,Clint_Needham669@kideod.biz,3,5/1/2000,1,TRUE,12/15/2022,0
19,Anais Marshall,"Viscount   Pass, 3156",3-726-203-3447,oQXW5yb0KI,Anais_Marshall5292@guentu.biz,2,3/27/2008,0,FALSE,8/6/2022,0
20,Melinda Graham,"Calderwood   Tunnel, 5787",2-420-623-0064,zrhL138Bdm,Melinda_Graham7500@atink.com,5,11/2/1977,1,FALSE,5/30/2022,2
21,Logan Marshall,"Howard Hill, 4401",3-354-153-8305,zqy7jZb45K,Logan_Marshall7557@gompie.com,1,11/22/2001,2,TRUE,9/24/2022,1
22,Brad Crawford,"Bekesbourne   Rue, 5726",3-123-223-3221,z5mRmwW6t5,Brad_Crawford9253@jiman.org,5,2/17/1994,2,FALSE,8/6/2022,0
23,Marie Ogilvy,"Balham   Drive, 3165",8-213-361-7244,yo5of2c5s3,Marie_Ogilvy3266@muall.tech,4,6/28/2015,0,TRUE,6/2/2022,2
24,Chloe Pond,"Armory  Route, 6884",3-571-151-7681,BQNaooeiDt,Chloe_Pond5191@nickia.com,0,8/5/1988,0,TRUE,10/21/2022,2
25,Darlene Buckley,"Camelot   Grove, 2906",1-181-102-1108,TRU745u1TL,Darlene_Buckley1536@nimogy.biz,4,2/8/1984,2,TRUE,5/31/2022,2
26,Michael Ross,"Clyde Lane, 2460",5-170-036-6233,wiHGCeQ2EJ,Michael_Ross2796@jiman.org,0,9/11/2020,1,TRUE,7/15/2022,2
27,Elle Yoman,"Collins  Hill, 8658",2-264-635-8170,UoyFS6uGTJ,Elle_Yoman7407@jiman.org,6,10/29/1973,1,FALSE,10/18/2022,2
28,Jolene Rogers,"Kilner   Boulevard, 6231",0-275-386-0430,kfQrk73dwb,Jolene_Rogers7175@grannar.com,0,4/9/1977,0,TRUE,11/7/2022,2
29,Ema Sheldon,"Durham Avenue, 877",2-738-003-3218,lOgLWvzeKV,Ema_Sheldon1008@infotech44.tech,2,7/17/2004,0,TRUE,10/19/2022,0
30,Christy Dyson,"Elba  Drive, 328",7-138-118-8270,DIVtI3CRQ7,Christy_Dyson3274@supunk.biz,3,7/21/1993,2,FALSE,5/16/2022,1
31,Marvin Gunn,"Cedarne  Street, 4918",7-261-651-0536,QTqEey3dh6,Marvin_Gunn1229@ovock.tech,4,2/5/2012,0,FALSE,7/30/2022,1
32,Julian Bradley,"Central  Rue, 8108",4-114-877-1373,1inhtQCV0c,Julian_Bradley5118@famism.biz,0,1/17/1973,0,TRUE,12/7/2022,2
33,Stephanie Foxley,"Boadicea   Walk, 43",0-821-242-1264,i2zV6HIdEY,Stephanie_Foxley3377@bulaffy.com,0,2/16/2019,1,FALSE,11/13/2022,2
34,Sadie Mullins,"Falconberg   Walk, 5528",4-125-836-3215,w6sltFQNd1,Sadie_Mullins4153@muall.tech,3,11/5/2015,0,TRUE,10/25/2022,0
35,Hadley Pierce,"Bloomsbury  Alley, 5912",0-253-108-4603,6pUqHhwsTC,Hadley_Pierce1503@acrit.org,2,3/12/1992,0,TRUE,10/8/2022,0
36,Adina Thatcher,"Baltic  Route, 8534",6-770-475-8235,Skyi62J8rj,Adina_Thatcher8678@acrit.org,2,12/1/1989,2,TRUE,7/7/2022,1
37,Leroy Cox,"Virgil   Lane, 6402",7-476-631-3046,rRpRzbcm49,Leroy_Cox5164@famism.biz,1,12/19/1976,0,TRUE,9/19/2022,2
38,Aeris Webster,"Charterhouse  Hill, 245",3-384-250-6567,3s9nUZlnXc,Aeris_Webster4538@twace.org,5,10/9/2015,2,TRUE,11/2/2022,2
39,George Ryan,"Queen Crossroad, 5549",3-113-467-2646,c4Lj8SLlGH,George_Ryan747@bungar.biz,2,4/23/1970,1,FALSE,11/9/2022,2
40,Daron Ellis,"Marina  Boulevard, 1872",3-122-428-6042,V7waROuahq,Daron_Ellis7167@brety.org,4,5/21/2008,0,FALSE,10/9/2022,1
41,Piper Whatson,"Cobden  Lane, 7113",8-208-738-8560,jQvepdmini,Piper_Whatson1285@womeona.net,5,6/17/2014,0,FALSE,8/19/2022,1
42,Jasmine Stanley,"Collent   Walk, 2956",8-713-103-1803,MFRJ0vSJK8,Jasmine_Stanley3576@guentu.biz,0,11/14/1984,0,FALSE,5/5/2022,0
43,Remy Lunt,"Egerton  Hill, 7542",2-350-024-4565,VklTl3DJrW,Remy_Lunt8054@guentu.biz,5,9/22/1971,1,TRUE,12/6/2022,1
44,Chloe Bingham,"Durweston   Road, 411",8-184-461-2808,362Yfcw8b2,Chloe_Bingham6586@bungar.biz,1,8/15/2011,2,FALSE,11/24/2022,0
45,Cara Thomson,"Apothecary   Boulevard, 3657",4-184-486-7831,73jKUQvtgB,Cara_Thomson9765@corti.com,1,7/20/1981,0,FALSE,10/9/2022,2
46,Madison Oakley,"Argyle  Pass, 7966",2-713-481-4838,EnyUgnpTlI,Madison_Oakley8775@nickia.com,5,1/20/2007,1,TRUE,9/18/2022,2
47,Alexa Fowler,"Bell    Rue, 3298",6-387-354-5230,FFHpWIboeX,Alexa_Fowler8283@typill.biz,3,12/6/2011,1,TRUE,10/29/2022,2
48,Fred Mcgee,"Wadham  Route, 1276",5-702-246-8280,VdM65lX9Th,Fred_Mcgee7564@twace.org,1,6/20/2004,0,FALSE,8/1/2022,1
49,Caleb Allwood,"Parkgate  Street, 3150",2-135-030-7080,l3Fk0t0ksX,Caleb_Allwood6756@muall.tech,2,11/16/1998,0,TRUE,5/29/2022,0
50,Tyson Anderson,"Magnolia Vale, 2538",5-203-763-8807,78f6jdHCNG,Tyson_Anderson1015@irrepsy.com,4,6/15/2011,0,FALSE,9/5/2022,0
51,Bart Irving,"Cleaver Avenue, 7819",4-382-510-5648,Mf3Jc1bjwT,Bart_Irving1452@bungar.biz,5,7/31/1997,1,FALSE,12/22/2022,1
52,Matthew Huggins,"Hamilton  Drive, 6418",8-744-126-7161,KsrcSaMtB4,Matthew_Huggins4166@twipet.com,5,6/4/1997,0,FALSE,7/25/2022,0
53,Marjorie Lewin,"East Hill, 2059",8-345-674-8742,3d8sjenAbu,Marjorie_Lewin4248@nimogy.biz,5,10/8/1987,2,TRUE,10/6/2022,0
54,Evie Tait,"Earl Rise Vale, 7313",2-546-041-4110,AXIbfsrULE,Evie_Tait6978@extex.org,5,6/9/2012,2,FALSE,10/3/2022,1
55,Carl Ward,"Jackson Rue, 8931",3-256-855-4057,OT7oknm1yK,Carl_Ward2483@mafthy.com,6,5/30/1999,2,FALSE,9/10/2022,2
56,Rocco Ellery,"Cam  Lane, 1753",5-772-334-4544,VJ1sFojKuH,Rocco_Ellery5529@corti.com,5,10/21/1972,0,TRUE,8/23/2022,1
57,Eryn Brown,"Beaumont  Way, 1687",5-843-714-1661,iGLDESGOSK,Eryn_Brown6721@joiniaa.com,5,6/25/1974,2,FALSE,10/18/2022,1
58,Kenzie Rowlands,"Endsleigh  Lane, 8573",5-013-682-4510,RES96irWtg,Kenzie_Rowlands713@corti.com,2,11/7/1972,0,TRUE,5/1/2022,1
59,Percy Young,"Catherine  Alley, 1691",7-174-232-6015,WqLUejxT1V,Percy_Young1675@elnee.tech,5,8/12/1976,1,FALSE,8/16/2022,1
60,Jennifer Crawley,"Aberavon  Alley, 6348",4-707-255-0024,rtPyqvFZbU,Jennifer_Crawley5715@twace.org,0,4/14/2009,0,TRUE,7/2/2022,1
61,Elise Duvall,"Collingwood  Grove, 4859",2-053-366-3315,JgoS8u8HM2,Elise_Duvall628@deavo.com,0,10/3/2020,2,FALSE,9/26/2022,0
62,Brad Tutton,"Bicknell  Walk, 88",2-310-301-0336,GbOlMWlWcu,Brad_Tutton7056@joiniaa.com,0,11/30/2000,1,TRUE,5/15/2022,0
63,Peter Brooks,"Dunton  Way, 8671",7-865-546-3288,SaTQmAHfDl,Peter_Brooks5262@gompie.com,2,7/26/1984,1,TRUE,7/5/2022,2
64,Gladys Chadwick,"Bendmore  Route, 821",5-024-164-7724,yFiQPXVU2l,Gladys_Chadwick4452@dionrab.com,1,10/7/2007,1,TRUE,9/23/2022,2
65,Emely Wilson,"Cavaye  Street, 5237",1-040-546-3233,qegdIBEvAa,Emely_Wilson6262@liret.org,2,11/12/2004,0,FALSE,12/28/2022,1
66,Logan Alcroft,"Thomas  Hill, 2703",4-862-086-1834,MULFjwFZXW,Logan_Alcroft277@ubusive.com,3,6/14/1992,2,FALSE,6/12/2022,0
67,Caleb Walker,"Maple Route, 7473",5-766-278-8607,2iI4ZjOx2Y,Caleb_Walker254@acrit.org,0,9/7/1978,1,FALSE,10/5/2022,0
68,Elise Denton,"Bekesbourne   Vale, 6368",1-586-024-3518,rMdWhgmj1I,Elise_Denton1278@acrit.org,0,4/27/1993,0,TRUE,5/21/2022,2
69,Rocco Bell,"Dunton  Drive, 8690",8-224-585-2228,sATfDNzTEI,Rocco_Bell6036@dionrab.com,0,5/15/1973,2,TRUE,8/29/2022,2
70,Kimberly Boyle,"Blackall   Hill, 5115",3-850-438-6555,NS5tUMGYnR,Kimberly_Boyle5454@irrepsy.com,5,1/9/2011,1,FALSE,6/13/2022,0
71,Wade Upton,"Jackson Way, 6996",8-831-825-6855,ve3O2cxQeQ,Wade_Upton6702@gmail.com,0,11/19/1994,0,FALSE,7/13/2022,0
72,Freya Ralph,"Collins  Crossroad, 5067",3-326-837-3566,OuJbUiWonW,Freya_Ralph1445@joiniaa.com,3,10/30/1985,0,TRUE,10/23/2022,1
73,Manuel Watt,"Carlton  Road, 611",3-484-603-2227,xrNIOA0dfH,Manuel_Watt546@atink.com,4,3/15/1972,0,FALSE,12/26/2022,0
74,Jane Donovan,"Wadham  Pass, 2358",0-848-083-6577,eHg6YVPdFv,Jane_Donovan4347@eirey.tech,4,3/28/1987,0,FALSE,5/5/2022,2
75,Tony Summers,"Westcott  Way, 1210",2-531-647-7574,8Yocls0mPc,Tony_Summers3070@nimogy.biz,2,11/5/2014,0,FALSE,11/26/2022,0
76,Maxwell Verdon,"Lexington Lane, 8473",8-541-606-4673,qlWp52DTBG,Maxwell_Verdon9751@bauros.biz,5,8/7/2019,2,FALSE,9/13/2022,2
77,Erick Dempsey,"Beechen  Hill, 8134",8-801-314-2682,Av4uA3mQZr,Erick_Dempsey6962@nickia.com,3,3/13/1986,0,FALSE,5/22/2022,1
78,Hank Ballard,"Charterhouse  Grove, 7790",7-037-847-0028,NNJGRPk2mY,Hank_Ballard7119@nanoff.biz,5,3/21/2013,2,FALSE,6/2/2022,2
79,Goldie Jarvis,"Tiptree   Hill, 7570",8-677-871-3368,Qq0XH4fDAC,Goldie_Jarvis6211@atink.com,3,8/11/1976,1,TRUE,12/13/2022,1
80,Benjamin Simpson,"Bletchley   Crossroad, 9608",6-170-575-2046,1sisQmWsZx,Benjamin_Simpson4605@sheye.org,6,3/20/2013,0,TRUE,6/22/2022,1
81,Michaela Riley,"Oxford Walk, 2663",8-650-606-4340,hlcJRZ6RLm,Michaela_Riley954@tonsy.org,2,3/17/1983,0,FALSE,9/2/2022,0
82,Gina Dempsey,"Mariner  Vale, 7527",6-616-668-1884,yvmoyhQ1m1,Gina_Dempsey1593@tonsy.org,3,3/8/2019,2,FALSE,8/16/2022,1
83,Paula Emmett,"Bellenden   Hill, 5775",1-052-367-8764,jxi3gjktVq,Paula_Emmett8267@gembat.biz,5,7/22/1998,0,FALSE,11/28/2022,1
84,Erick Palmer,"Monroe Street, 2509",5-032-578-1582,WxP3Uzyuqn,Erick_Palmer5930@typill.biz,6,1/13/2013,0,FALSE,5/6/2022,2
85,Teagan Ripley,"Cliff  Tunnel, 6756",6-750-441-3318,qJem9QWcE9,Teagan_Ripley4330@sveldo.biz,3,12/29/2020,1,FALSE,11/26/2022,2
86,Morgan Powell,"Calderwood   Grove, 3177",2-418-134-8763,GdNqTsEI6i,Morgan_Powell8821@ovock.tech,0,6/14/1984,1,FALSE,5/2/2022,2
87,Kaylee Nanton,"Garfield Grove, 6307",0-046-863-2350,5jfvZeDqDM,Kaylee_Nanton4617@acrit.org,0,4/18/2009,1,FALSE,5/6/2022,2
88,Emely Sanchez,"Bede  Vale, 5256",5-768-608-3330,PdXakrZ8Ii,Emely_Sanchez745@guentu.biz,1,1/10/2001,1,FALSE,12/30/2022,1
89,Nathan Rehman,"East Boulevard, 6669",7-780-170-2027,AOA8j5cWNy,Nathan_Rehman9124@naiker.biz,0,10/18/1988,2,FALSE,11/16/2022,2
90,Cristal Dowson,"Chandos  Vale, 8122",3-082-480-7174,TCG13A2sVa,Cristal_Dowson7692@bretoux.com,0,8/5/1995,2,FALSE,8/25/2022,0
91,Morgan Camden,"Vine  Way, 3672",6-411-542-8436,NFvXpr7y8F,Morgan_Camden1157@gembat.biz,6,8/27/1988,0,FALSE,12/26/2022,1
92,Chuck Lee,"Byland  Grove, 9838",1-842-420-5110,7qpRlPKwOh,Chuck_Lee7826@nickia.com,2,7/3/1993,0,FALSE,5/7/2022,1
93,Gwen Matthews,"Becher  Avenue, 1023",2-321-807-5006,dYNbaOFxMQ,Gwen_Matthews3181@elnee.tech,5,8/3/1974,2,FALSE,12/21/2022,2
94,Carl Hopkinson,"Norland  Grove, 4240",3-351-641-2338,iKSz88jHXj,Carl_Hopkinson9494@nimogy.biz,6,4/23/1973,0,FALSE,12/23/2022,1
95,Denis Jackson,"Lincoln Alley, 5345",3-144-131-3781,2VC0euqDOt,Denis_Jackson4146@fuliss.net,0,10/26/1989,1,FALSE,7/15/2022,2
96,Lucas Zaoui,"Black Friars   Walk, 6623",2-472-103-5420,9Q0xBJbJBe,Lucas_Zaoui3118@hourpy.biz,5,5/30/2004,0,FALSE,5/8/2022,0
97,Anabel Leigh,"Linda   Lane, 2936",6-222-823-5782,B8vKBmCopq,Anabel_Leigh6849@corti.com,0,11/12/1982,2,FALSE,8/29/2022,2
98,Javier Rust,"Clifton  Drive, 3365",1-681-105-1185,eDNlByNAYN,Javier_Rust5123@deavo.com,1,8/19/1992,1,FALSE,12/27/2022,0
99,Jade Clifton,"Kingly  Crossroad, 2347",7-850-703-2223,yjhGlDqtXh,Jade_Clifton5025@nickia.com,1,5/25/2017,2,FALSE,7/15/2022,1
100,Mackenzie Broomfield,"Victoria  Route, 4286",3-171-514-5187,BkeqXTcIQm,Mackenzie_Broomfield6240@muall.tech,4,10/19/2020,0,FALSE,10/31/2022,1
101,Christine Wright,"South Hill, 7372",1-746-728-7018,XgIyyeRMxq,Christine_Wright6846@womeona.net,2,4/29/1980,1,FALSE,10/26/2022,0
102,Mike Latham,"Cable    Walk, 6904",8-567-837-1418,WRuDaSNgTh,Mike_Latham6449@bretoux.com,5,5/7/1991,2,FALSE,10/28/2022,1
103,Bart Morrison,"Blendon    Grove, 8288",5-563-335-1364,0YbJSU5dy3,Bart_Morrison7208@atink.com,3,1/17/1991,2,FALSE,8/22/2022,2
104,Melania Faulkner,"Fairholt   Route, 389",4-272-481-0356,CKk54cR9Dg,Melania_Faulkner7976@twipet.com,2,10/31/1982,2,FALSE,8/10/2022,1
105,Blake Morris,"Mariner   Drive, 5127",1-732-234-1674,k4UguAbCq0,Blake_Morris4732@bretoux.com,1,10/25/1977,0,FALSE,12/25/2022,1
106,Jenna Robinson,"Wake  Alley, 8113",3-788-674-1845,ezQpqdOKA6,Jenna_Robinson7365@guentu.biz,3,1/24/2012,1,FALSE,7/24/2022,2
107,Matt Ryan,"Calshot   Grove, 3262",6-277-646-0712,KyD1n5dKyi,Matt_Ryan920@sheye.org,0,2/22/1979,2,FALSE,6/5/2022,2
108,Ilona Tutton,"Elf  Pass, 3195",1-152-411-2360,DJmvpgrmIX,Ilona_Tutton1681@deons.tech,1,4/26/1973,2,FALSE,10/23/2022,2
109,Chadwick Emerson,"Clyde Hill, 9990",3-722-508-1051,Ndl67GbKcx,Chadwick_Emerson2231@corti.com,0,10/21/2019,2,FALSE,6/17/2022,2
110,Ryan Callan,"Rail Way, 9809",0-182-043-1862,CWHMJSGUTv,Ryan_Callan6900@eirey.tech,4,3/21/1989,2,FALSE,5/10/2022,2
111,Rick Hope,"Fieldstone Road, 4463",7-131-115-0352,ydRMZ6O38Z,Rick_Hope5214@bretoux.com,3,5/12/2005,2,FALSE,11/22/2022,0
112,Rick Squire,"Blanchard  Avenue, 2098",4-032-017-5885,EUDBW01hK7,Rick_Squire4706@jiman.org,5,11/29/2008,2,FALSE,5/28/2022,2
113,Penny Gilmour,"Caedmon  Grove, 4576",1-517-866-0706,aeVPAyjg3d,Penny_Gilmour2205@brety.org,2,4/12/2014,1,FALSE,7/1/2022,0
114,Penny Coates,"Wager   Lane, 9777",3-666-763-3444,hgi963x6LZ,Penny_Coates1175@kideod.biz,1,9/18/2013,0,FALSE,10/25/2022,2
115,Jules Vaughan,"York Hill, 1596",2-810-162-7003,dgtjUQi42p,Jules_Vaughan378@famism.biz,3,10/25/2009,0,FALSE,8/18/2022,1
116,Luke Uddin,"Walnut Road, 1176",6-122-427-8814,5EqdQ6oS90,Luke_Uddin3016@sheye.org,5,12/1/2002,2,FALSE,8/5/2022,1
117,Bob Roscoe,"Carol   Alley, 5138",3-808-747-4254,RFARWWcm6A,Bob_Roscoe706@dionrab.com,5,5/17/2008,1,FALSE,9/7/2022,0
118,Bree Emmott,"Cecilia  Road, 1110",6-642-617-4471,QKIfR3MONI,Bree_Emmott5772@famism.biz,2,11/16/1974,1,FALSE,5/20/2022,1
119,Daron Parker,"Amwell    Vale, 6142",7-765-728-3238,Fkz8FnFIXZ,Daron_Parker4891@atink.com,0,7/16/2009,2,FALSE,10/10/2022,2
120,Emery Locke,"Jackson Hill, 8323",2-200-308-5416,gsuMSqn3LZ,Emery_Locke3290@grannar.com,0,6/4/2005,1,FALSE,7/7/2022,0
121,Britney Ripley,"Arlington  Pass, 7560",5-216-412-2315,LgXa9t6Wc9,Britney_Ripley90@atink.com,6,9/26/2016,2,FALSE,11/20/2022,1
122,Sage Moss,"Howard Hill, 5420",5-652-006-1703,guPvmHOyFI,Sage_Moss9134@muall.tech,2,10/12/1984,2,FALSE,11/7/2022,0
123,Johnny Bradshaw,"College  Crossroad, 7992",6-745-627-6380,8BcZrBOBA0,Johnny_Bradshaw3274@bretoux.com,4,11/14/1984,1,FALSE,6/10/2022,1
124,Katelyn Judd,"Cloth  Way, 9800",1-508-277-8312,Nzz7Zh8VMK,Katelyn_Judd9116@twipet.com,6,4/30/2010,0,FALSE,7/21/2022,0
125,Jayden Hamilton,"Ayres   Tunnel, 4759",5-142-183-5086,YpbySRDHjO,Jayden_Hamilton8635@hourpy.biz,1,2/17/2012,0,FALSE,5/21/2022,0
126,Anthony Hill,"Heritage Walk, 8267",2-881-383-1240,QSrOuYNc1T,Anthony_Hill6550@womeona.net,2,2/24/2015,2,FALSE,12/4/2022,1
127,Sebastian Daniells,"Shepherds  Lane, 8725",8-455-577-8575,Lj6fmdiSxO,Sebastian_Daniells5297@bretoux.com,2,3/16/2001,1,FALSE,11/21/2022,1
128,Rosa Bloom,"Becher  Pass, 466",6-610-266-2756,WWFnZKM74x,Rosa_Bloom8194@mafthy.com,4,1/29/1970,0,FALSE,9/9/2022,1
129,Maya Stone ,"Zealand Road, 8933",0-626-243-2845,2AxP7GhAc0,Maya_Stone 7081@jiman.org,0,5/16/1976,0,FALSE,5/15/2022,2
130,Roger Mason,"Howard Route, 5221",4-504-054-0003,xRkCVcIm87,Roger_Mason2517@nanoff.biz,5,4/26/1993,2,FALSE,7/29/2022,1
131,Lexi Jackson,"Arline    Alley, 4672",6-400-625-5045,cNajNaMEP5,Lexi_Jackson5650@deons.tech,5,4/6/2006,1,FALSE,10/13/2022,0
132,Russel Rainford,"Byland  Vale, 1867",1-183-480-6877,coyhLZQThl,Russel_Rainford7932@infotech44.tech,1,8/19/2013,0,FALSE,5/19/2022,2
133,Angelina Snell,"Mariner  Boulevard, 7831",0-877-810-2500,21kkYMrkmg,Angelina_Snell128@cispeto.com,5,10/11/2006,2,FALSE,9/8/2022,0
134,Owen Tyrrell,"Chamberlain  Street, 6176",7-131-013-4264,6DqQEbEGby,Owen_Tyrrell2926@womeona.net,5,4/23/1996,0,FALSE,8/24/2022,0
135,Domenic Norton,"Collins  Pass, 5078",1-840-256-2231,0CwxilmpwQ,Domenic_Norton793@ubusive.com,2,1/27/1981,2,FALSE,8/29/2022,2
136,Jackeline Waterhouse,"Lake Hill, 9160",5-506-650-6117,7q7OEkFzwG,Jackeline_Waterhouse6201@ubusive.com,2,3/9/2017,1,FALSE,10/26/2022,0
137,Teagan Shelton,"Victorian  Way, 5757",4-786-043-3322,tnwx7UnznH,Teagan_Shelton5740@gembat.biz,1,4/26/1994,2,FALSE,5/10/2022,1
138,Johnny Vane,"Caroline  Boulevard, 3667",6-102-584-2822,Xv9b3knQYo,Johnny_Vane4937@iatim.tech,5,1/10/1980,1,FALSE,6/28/2022,1
139,Kieth Young,"Canal  Rue, 4731",1-584-351-4736,FU7sLeUDSs,Kieth_Young986@typill.biz,3,7/27/1970,0,FALSE,8/5/2022,1
140,Robyn Young,"Carpenter Route, 5335",0-750-613-3674,K3WuFwhdyj,Robyn_Young9125@kideod.biz,2,5/10/1970,2,FALSE,10/13/2022,0
141,Candice Eaton,"Thrale   Pass, 8516",1-652-826-5002,7pj7LVMEmC,Candice_Eaton8849@gompie.com,0,11/3/1975,0,FALSE,9/16/2022,2
142,Skylar Murray,"Bede  Grove, 7772",3-446-366-3505,UpFxOLeHwA,Skylar_Murray3662@elnee.tech,1,8/2/1997,2,FALSE,11/19/2022,0
143,Bob Antcliff,"Queen Rue, 3999",4-771-223-6745,1FnvAERJNj,Bob_Antcliff6444@cispeto.com,2,8/11/1979,2,FALSE,11/21/2022,2
144,Ethan Abbey,"Apostle  Drive, 2857",7-313-480-1424,HubzzUX8yr,Ethan_Abbey9996@zorer.org,3,12/31/2001,1,FALSE,8/19/2022,1
145,Bridget Richards,"Carltoun   Lane, 2244",3-375-764-3747,LSIkyhoyK5,Bridget_Richards6631@typill.biz,6,7/13/2010,0,FALSE,8/6/2022,1
146,Mark Johnson,"Balfe   Pass, 8938",7-547-624-1255,vQtSul50J5,Mark_Johnson6642@acrit.org,1,10/31/1973,2,FALSE,10/13/2022,2
147,Brad Shaw,"Sherwood  Street, 5042",1-554-058-6456,NZk8HTRwJi,Brad_Shaw9664@irrepsy.com,6,7/5/2016,1,FALSE,9/16/2022,0
148,Johnny Hamilton,"Mariner   Alley, 4459",5-800-547-2828,3JB6KInkwv,Johnny_Hamilton6402@supunk.biz,2,7/29/1974,1,FALSE,5/18/2022,2
149,Willow Addis,"West Route, 4290",3-430-064-6371,ZQUq7jq9j8,Willow_Addis8092@bauros.biz,2,2/6/1980,1,FALSE,7/14/2022,1
150,Barry Little,"Sundown Boulevard, 4117",4-766-451-7550,LYxcmxF3i7,Barry_Little6787@liret.org,0,9/22/1998,2,FALSE,10/23/2022,2
151,Maxwell Fall,"Howard Crossroad, 5337",3-717-213-4663,Jawb1imK9f,Maxwell_Fall591@zorer.org,1,9/18/2015,2,FALSE,8/26/2022,1
152,Percy Addison,"Longmoore   Pass, 4242",1-632-057-5115,g22BR88AjS,Percy_Addison5130@nimogy.biz,3,5/27/1982,1,FALSE,7/24/2022,2
153,Rosa Edley,"Collins  Vale, 3140",8-265-587-3381,hUKHl97BXm,Rosa_Edley7628@yahoo.com,5,11/30/2012,2,FALSE,10/1/2022,0
154,Tyler Samuel,"Pine Walk, 2821",7-565-178-6527,qkvqJN3wMT,Tyler_Samuel7354@acrit.org,1,3/15/1986,1,FALSE,11/8/2022,1
155,Sabrina Stevens,"Rivervalley Way, 205",4-846-386-0047,4Rl8DOkSZF,Sabrina_Stevens2559@gembat.biz,3,12/6/1995,0,FALSE,6/3/2022,2
156,Nathan Jenkins,"Cadogan  Walk, 3695",0-550-275-4647,aGL5Qs8NaY,Nathan_Jenkins9053@zorer.org,2,2/15/1988,2,FALSE,11/24/2022,0
157,Chad Townend,"Linden Boulevard, 6262",2-006-766-1736,OZX8GvRqOP,Chad_Townend1120@vetan.org,1,10/14/2004,2,FALSE,10/4/2022,0
158,Sylvia Allwood,"Parkfields Avenue, 6426",2-464-851-3826,VdDWLZ3AqE,Sylvia_Allwood5406@ubusive.com,2,1/29/2010,0,FALSE,7/11/2022,2
159,Emerald Kaur,"Lexington Tunnel, 455",0-114-720-5288,4MxjvJUuxE,Emerald_Kaur3600@nanoff.biz,2,12/18/2021,0,FALSE,10/30/2022,0
160,Paula Middleton,"Armory  Hill, 4714",0-852-533-0415,GUc8nC1esu,Paula_Middleton6482@corti.com,4,9/1/1980,0,FALSE,8/14/2022,2
161,Chester Oakley,"Queen Pass, 6147",6-488-850-1807,dVzsXa8FBG,Chester_Oakley1428@zorer.org,5,9/30/2008,2,FALSE,12/2/2022,0
162,Crystal Stevens,"Arundel   Way, 5583",5-020-888-8536,wyqfkpNNrU,Crystal_Stevens9653@irrepsy.com,1,10/31/1977,2,FALSE,10/18/2022,1
163,Wendy Grey,"Bicknell  Walk, 7801",2-342-003-4334,cU5NnnD6Qn,Wendy_Grey5093@twace.org,0,11/2/2005,0,FALSE,10/14/2022,1
164,Angela Osmond,"Yorkshire  Alley, 402",2-704-825-3263,00hIyNbmQr,Angela_Osmond583@gembat.biz,5,12/2/2006,1,FALSE,6/9/2022,0
165,Remy Tate,"Victoria  Road, 4507",2-884-170-7247,BhyVPoPuVL,Remy_Tate6811@guentu.biz,0,12/29/2001,1,FALSE,8/6/2022,1
166,Fred Price,"Cliffords  Rue, 8622",5-158-318-1461,K4rQjF32R9,Fred_Price896@twipet.com,6,2/14/1978,2,FALSE,6/13/2022,2
167,Matt Spencer,"Falconberg   Rue, 4788",8-637-225-6835,L0X2g2p0Mf,Matt_Spencer5633@acrit.org,6,3/25/1997,2,FALSE,8/29/2022,2
168,Adalind Bayliss,"Coalecroft  Rue, 9280",5-843-080-1011,aCb8YUcWCn,Adalind_Bayliss5989@deavo.com,4,6/3/2018,0,FALSE,11/18/2022,0
169,Renee Wright,"Timber   Lane, 5311",0-306-101-7388,OCpSAOxckD,Renee_Wright6518@atink.com,3,11/19/1989,2,FALSE,7/9/2022,1
170,Alan Cooper,"Cliff  Hill, 8560",2-100-553-2552,TeVdbPkYbl,Alan_Cooper190@ovock.tech,0,5/18/2004,2,FALSE,8/13/2022,1
171,Piper Kelly,"Caedmon  Walk, 7844",2-142-087-1348,9hGPPMBbB4,Piper_Kelly2186@gompie.com,3,4/9/1978,0,FALSE,11/16/2022,2
172,Havana Robertson,"Erindale Lane, 6846",6-472-036-1306,lkx2Bm7GD4,Havana_Robertson92@tonsy.org,5,7/7/2005,2,FALSE,10/30/2022,1
173,Marissa Jarvis,"Camdale  Avenue, 7306",2-848-715-8617,hi0vqSFiRL,Marissa_Jarvis8290@jiman.org,3,9/5/1986,1,FALSE,10/8/2022,1
174,Julia Whitehouse,"Clerkenwell Lane, 4647",1-216-018-2851,RwMhbn9nqs,Julia_Whitehouse7809@cispeto.com,2,2/12/1998,0,FALSE,6/18/2022,2
175,Bethany Collins,"Hickory   Avenue, 1179",1-277-234-2733,ekNtYv3JdH,Bethany_Collins7803@tonsy.org,1,10/12/1993,0,FALSE,11/13/2022,0
176,Aiden Stubbs,"Linda   Road, 1560",0-736-364-8361,uaB9bCmVOR,Aiden_Stubbs7919@tonsy.org,1,6/30/1998,2,FALSE,8/18/2022,0
177,Nicholas Carter,"Hickory Lane Walk, 7560",5-133-405-3404,TWw2PmIKGp,Nicholas_Carter4272@gembat.biz,0,10/9/1984,1,FALSE,5/1/2022,0
178,Marvin Poole,"Chart   Pass, 4875",6-546-716-1116,STrEJ5QEXM,Marvin_Poole1894@qater.org,5,4/24/1971,0,FALSE,11/15/2022,0
179,Barney Hood,"Bayberry Boulevard, 1519",3-623-062-0442,KvVRetqr3m,Barney_Hood9148@extex.org,2,11/8/1989,0,FALSE,7/3/2022,2
180,Victoria Boyle,"Archery  Crossroad, 3173",6-325-450-0383,MxZgfv4AGy,Victoria_Boyle5938@hourpy.biz,3,5/12/1982,1,FALSE,9/27/2022,1
181,Sonya Weston,"Glenwood Lane, 7337",7-722-505-5346,7bteFitYsb,Sonya_Weston1685@nickia.com,3,4/5/1987,0,FALSE,11/23/2022,2
182,Aileen Devonport,"Rosewood Lane, 1772",1-548-157-1716,57LRrKrAfs,Aileen_Devonport2252@gmail.com,0,11/11/2001,1,FALSE,10/27/2022,0
183,Erick Vallory,"Spruce Route, 6781",2-240-584-7847,ofZc5RWU2r,Erick_Vallory6674@iatim.tech,2,9/28/1990,1,FALSE,12/30/2022,0
184,Camellia Knight,"Linden Avenue, 6874",7-118-604-3654,UYg8llJp9y,Camellia_Knight7075@tonsy.org,3,1/5/1998,0,FALSE,6/26/2022,1
185,Ryan Robertson,"Virginia Rue, 3138",0-688-850-6357,hmd2H6oaSs,Ryan_Robertson3645@liret.org,5,6/3/1991,1,FALSE,5/26/2022,2
186,Barney Vane,"Camberwell  Hill, 8745",2-575-163-3685,0OYkseOjZN,Barney_Vane3126@twipet.com,6,12/28/1996,1,FALSE,8/7/2022,1
187,Tony Norburn,"Victoria  Way, 7209",1-085-626-0615,dmIoAT3CNl,Tony_Norburn830@qater.org,6,2/21/1997,1,FALSE,6/14/2022,2
188,Hank Turner,"Betton  Street, 2599",1-043-181-8887,nmaHGL9C1f,Hank_Turner475@muall.tech,2,8/2/1971,2,FALSE,10/11/2022,2
189,George Saunders,"Abbots   Walk, 5972",6-773-541-1610,UqTuIYMTXC,George_Saunders3627@famism.biz,2,5/28/1986,1,FALSE,9/6/2022,0
190,Winnie Dunbar,"Bede  Rue, 4911",5-607-438-3071,XLaiZtWGYl,Winnie_Dunbar3500@sheye.org,1,5/5/2001,0,FALSE,11/30/2022,1
191,Nicholas White,"Cam  Drive, 9772",2-474-314-6768,3GR3O60LIL,Nicholas_White6644@tonsy.org,6,8/15/1970,1,FALSE,5/18/2022,2
192,Gina Eaton,"Balfe   Pass, 4524",7-334-080-2843,eFxxpWzfaR,Gina_Eaton1110@deons.tech,4,4/3/2002,0,FALSE,10/21/2022,1
193,Abdul Swan,"Virginia Lane, 358",8-530-753-5336,ruUKuTt4je,Abdul_Swan988@famism.biz,0,9/17/2013,1,FALSE,7/28/2022,1
194,Ron Groves,"Maple Pass, 322",0-757-108-6544,juVhxjTQNL,Ron_Groves352@deons.tech,2,6/27/1972,2,FALSE,5/16/2022,1
195,Goldie Zaoui,"Baltic  Drive, 8184",6-578-578-5861,Wtg0EvUuHO,Goldie_Zaoui6470@ovock.tech,0,2/27/1995,2,FALSE,7/24/2022,0
196,Renee Ebden,"Berriman  Pass, 2558",0-130-365-4037,Hf2jFprebN,Renee_Ebden772@nickia.com,0,8/28/1989,0,FALSE,11/18/2022,2
197,Gabriel Emmott,"Durweston   Pass, 7800",5-174-017-4738,hnRC8hVrjp,Gabriel_Emmott2776@joiniaa.com,5,11/27/1998,2,FALSE,11/13/2022,0
198,Roger Victor,"Elystan  Drive, 1553",8-535-320-2404,6KIHRsE7yr,Roger_Victor7863@iatim.tech,2,8/31/2000,1,FALSE,10/27/2022,1
199,Roger Lambert,"Calverley  Route, 2693",1-156-075-7553,JLKbM6HERt,Roger_Lambert986@bungar.biz,3,4/22/1988,1,FALSE,8/16/2022,1
200,Clint Jenkins,"Ellerman   Tunnel, 7263",4-627-551-1031,spFgGQFX7Q,Clint_Jenkins9957@bretoux.com,3,3/13/1978,1,FALSE,12/29/2022,2
