ID,Name,Address,Phone,WeChat,Email,Profession,Birth,Risk,hasDDL,Deadline,Treatment
1,Elijah Barrett,"Battersea   Boulevard, 8250",2-420-870-0785,FYwuJPcFBv,Elijah_Barrett750@atink.com,2,11/21/1985,0,TRUE,5/19/2022,0
2,Jayden Watson,"Castile  Rue, 7191",4-605-343-3508,o9TDMV0uaq,Jayden_Watson140@fuliss.net,2,12/24/2017,0,TRUE,12/20/2022,1
3,William Richardson,"Elba  Drive, 8025",1-730-438-2148,WwNCbsonq9,William_Richardson1892@bretoux.com,0,10/16/1973,2,FALSE,6/5/2022,0
4,Liam Rossi,"Chambers  Lane, 4878",6-204-458-5312,Y7Ty9fS7Pk,Liam_Rossi3126@cispeto.com,0,9/13/1989,2,TRUE,11/21/2022,0
5,Jenna Eastwood,"Commercial  Way, 4790",2-225-667-4123,TCn3cu2KUE,Jenna_Eastwood1023@vetan.org,1,4/24/1985,1,FALSE,11/16/2022,2
6,Nate Utterson,"Blackall   Grove, 6318",3-866-746-1248,RkQZMnHUHG,Nate_Utterson9760@atink.com,0,3/11/1993,2,FALSE,8/15/2022,0
7,Gloria Woodley,"Queen Route, 7650",8-448-141-3066,4iSgb0oQJ5,Gloria_Woodley1179@elnee.tech,4,2/1/1971,1,TRUE,11/10/2022,0
8,Harry Overson,"Birkbeck  Lane, 9095",4-148-742-1042,vmO0wE04As,Harry_Overson1014@sveldo.biz,5,2/5/2020,0,FALSE,5/3/2022,1
9,Sydney Gardner,"Bolton  Crossroad, 4882",7-507-001-4644,kS5MWEu83V,Sydney_Gardner2983@sveldo.biz,0,8/25/1994,1,TRUE,6/9/2022,2
10,Gina Cox,"Chartham  Rue, 9290",7-625-333-6126,2f8Ifh7Xc8,Gina_Cox8725@bungar.biz,4,11/21/1984,2,TRUE,7/15/2022,2
11,Owen Benson,"Andsell    Rue, 411",2-201-320-8264,F1N77vpUdz,Owen_Benson4697@famism.biz,0,11/28/1970,2,FALSE,8/30/2022,0
12,Tess Dubois,"Spruce Street, 9982",7-550-518-7007,VJMNxODMhd,Tess_Dubois6272@dionrab.com,5,12/10/1979,0,TRUE,6/11/2022,0
13,Barry Lane,"Calvin   Grove, 8033",8-837-518-0134,sgqgNhy1JZ,Barry_Lane4544@hourpy.biz,5,1/19/2019,1,FALSE,12/10/2022,1
14,Vera Walsh,"Cam  Vale, 373",4-635-744-6736,EIPYbIe1xP,Vera_Walsh855@cispeto.com,0,5/12/1995,0,TRUE,12/18/2022,1
15,Ron Glass,"Clavell   Alley, 4920",2-101-270-3813,wYVwcNQIiW,Ron_Glass4055@deavo.com,5,10/22/1993,1,FALSE,7/31/2022,1
16,Barney Pierce,"Collins  Walk, 6357",1-617-517-2014,xFfH3bNs5b,Barney_Pierce7763@bauros.biz,1,10/9/2012,2,TRUE,8/4/2022,2
17,Ron Coates,"College  Vale, 2862",4-024-257-8255,1m1LW60CLz,Ron_Coates8529@corti.com,2,5/29/2009,0,TRUE,9/27/2022,0
18,Chadwick Woodcock,"Blenkarne  Road, 2500",5-362-042-5206,ay7cql7uoO,Chadwick_Woodcock2533@hourpy.biz,5,2/24/1970,1,FALSE,11/29/2022,2
19,Domenic Spencer,"Bales  Boulevard, 2285",3-620-617-0866,geWAWk7N8s,Domenic_Spencer451@twace.org,3,5/6/1980,1,FALSE,9/23/2022,1
20,Clint Cobb,"Cecilia  Alley, 8207",2-626-031-4627,HCUfTkyzqk,Clint_Cobb7539@deavo.com,6,11/23/1975,0,FALSE,8/2/2022,1
21,Janelle Shaw,"Apothecary   Route, 8585",7-121-242-2008,K9XOg9Uooc,Janelle_Shaw2179@elnee.tech,1,1/24/2014,1,TRUE,8/29/2022,1
22,Russel Young,"Queen Way, 6366",0-480-527-4110,dsuYmr9TPP,Russel_Young6624@nimogy.biz,3,7/11/1996,1,FALSE,5/7/2022,2
23,Noah Collis,"Meadow Rue, 6200",1-644-404-5526,gQYYb1ch3c,Noah_Collis7797@extex.org,2,6/4/1977,0,TRUE,7/29/2022,0
24,Marjorie Poulton,"Bazely   Road, 4962",1-042-041-2500,wzxJauGT3N,Marjorie_Poulton8213@irrepsy.com,0,1/15/2016,1,FALSE,7/4/2022,0
25,Paige Jackson,"Calderwood   Boulevard, 6326",3-400-454-4456,F4IRWnXYlS,Paige_Jackson5968@ovock.tech,5,7/13/2013,0,FALSE,5/27/2022,1
26,Boris Kennedy,"Coleman  Way, 2966",8-606-016-2636,6TtVzgTQCO,Boris_Kennedy7135@elnee.tech,5,11/15/1995,2,TRUE,9/24/2022,2
27,Christy Robinson,"Westcott  Rue, 6493",6-006-016-0351,bGjDMRRPV0,Christy_Robinson5048@iatim.tech,1,7/26/2009,0,TRUE,7/4/2022,0
28,Shay Bayliss,"Linda   Pass, 3215",0-270-211-1042,R7TxLbw7jA,Shay_Bayliss5136@infotech44.tech,4,8/1/1989,0,FALSE,9/2/2022,1
29,Caleb Noon,"Ampton  Lane, 6036",2-815-483-2716,4uITeWRobV,Caleb_Noon6908@extex.org,1,12/30/2020,2,FALSE,9/11/2022,0
30,Rosalie Denton,"Western   Vale, 3831",4-450-157-3571,W5cPl8BksS,Rosalie_Denton3327@acrit.org,3,12/31/2002,2,TRUE,6/9/2022,1
31,Candace Rust,"Blackpool  Road, 3814",8-231-018-3060,SxZFLHGZPi,Candace_Rust4360@mafthy.com,2,7/5/2005,1,TRUE,9/19/2022,0
32,Rosalie Preston,"Clerkenwell Grove, 4398",8-521-171-6166,4huydpEb38,Rosalie_Preston2505@zorer.org,4,9/22/1974,1,FALSE,7/6/2022,2
33,Tom Murphy,"Argyle  Vale, 8201",0-447-554-2333,0victtjGLk,Tom_Murphy5609@sveldo.biz,0,7/29/1993,1,TRUE,7/18/2022,0
34,Jamie Stone,"Bishop   Alley, 4297",4-812-631-0441,jS6OdXVWyZ,Jamie_Stone9126@naiker.biz,3,9/15/1970,2,TRUE,12/21/2022,0
35,Rae Jenkin,"Amwell    Grove, 280",6-108-668-8331,bqPBmMrPif,Rae_Jenkin9905@joiniaa.com,3,12/14/1999,0,TRUE,6/2/2022,0
36,Zara Coll,"Howard Crossroad, 2671",1-862-748-2503,ok4gstiXIq,Zara_Coll3350@deavo.com,5,5/7/1982,0,FALSE,11/8/2022,2
37,Harry Little,"Pine Rue, 493",4-782-248-8734,RcrkyMAFR7,Harry_Little6406@twace.org,6,3/13/1983,1,TRUE,8/23/2022,0
38,Josh Devonport,"Norland  Grove, 7534",5-546-248-1353,O8XF3pH9Qq,Josh_Devonport3448@corti.com,6,6/1/2018,0,TRUE,8/21/2022,1
39,Chadwick Rogan,"Walnut Way, 7573",0-517-426-4262,OcMESGmyZF,Chadwick_Rogan7803@famism.biz,4,12/26/1977,2,FALSE,11/7/2022,1
40,William Hepburn,"Geary   Route, 6951",1-873-422-2232,ekNpTlds1g,William_Hepburn447@sheye.org,3,2/16/2018,0,TRUE,6/4/2022,2
41,Maxwell Clayton,"Bedford  Tunnel, 9220",3-333-426-2573,p3gKHHWdfe,Maxwell_Clayton452@twipet.com,1,12/2/1980,2,FALSE,8/13/2022,0
42,Rylee Sylvester,"Camdenhurst   Road, 6319",2-451-545-6810,gJtaVFHKrB,Rylee_Sylvester2187@bretoux.com,0,8/8/1991,0,TRUE,8/16/2022,2
43,Deborah James,"Lexington Way, 7412",1-447-387-4310,iMWlDIhxIC,Deborah_James4867@nickia.com,6,7/2/2005,1,TRUE,12/18/2022,2
44,Chris Rose,"Norland  Pass, 5148",5-868-874-8218,0Rerq2jKDq,Chris_Rose5063@fuliss.net,6,8/25/1979,2,TRUE,7/26/2022,1
45,David Yates,"Ely  Drive, 7944",7-202-406-8675,HSozI4tt3y,David_Yates7596@sveldo.biz,0,1/25/2013,2,FALSE,12/15/2022,2
46,Taylor Brown,"Tilson  Hill, 877",3-000-423-1331,ABF8CK5eME,Taylor_Brown7063@extex.org,0,11/21/2016,1,TRUE,10/16/2022,0
47,Mya Oliver,"Railroad Way, 5921",7-755-380-4312,gMUBnF4GAr,Mya_Oliver4653@sheye.org,0,2/23/2005,1,TRUE,7/19/2022,1
48,Barry Owens,"Bury  Pass, 9744",3-041-110-7585,x9m3YGj7bG,Barry_Owens7179@infotech44.tech,0,2/27/2016,2,FALSE,8/30/2022,0
49,Carol Emmett,"Charterhouse  Walk, 5117",8-865-540-5080,jYQ1pEXTB4,Carol_Emmett7375@zorer.org,5,5/7/1992,0,TRUE,8/20/2022,0
50,Chester Adams,"Gate   Avenue, 3568",0-520-683-8285,iPxlMF6Lt5,Chester_Adams2145@muall.tech,5,1/31/1995,2,TRUE,10/21/2022,1
51,Carmen Zaoui,"Bush  Vale, 4967",5-650-582-8720,BKwa36djHH,Carmen_Zaoui3820@atink.com,3,5/9/1982,2,TRUE,10/28/2022,2
52,Sebastian Scott,"Hickory   Street, 5812",2-704-565-0403,8PAXLgCzsN,Sebastian_Scott9821@dionrab.com,4,1/14/2000,1,TRUE,7/4/2022,1
53,Leroy Coates,"Timothy  Lane, 5493",2-577-860-7286,judWTwg20d,Leroy_Coates826@corti.com,2,11/17/2009,0,FALSE,12/6/2022,1
54,Catherine Goldsmith,"Fieldstone Rue, 8174",7-315-465-7544,uzDEPFcF3D,Catherine_Goldsmith7742@iatim.tech,1,4/17/1974,0,TRUE,5/27/2022,0
55,Miley Daniells,"Apsley    Crossroad, 761",3-756-518-0115,uIvuAv9hjP,Miley_Daniells1303@brety.org,6,12/11/1990,0,TRUE,7/21/2022,1
56,Hank Truscott,"Boleyn  Avenue, 9336",8-328-133-0202,5URzQIrQuP,Hank_Truscott2142@dionrab.com,1,6/1/2012,0,FALSE,11/24/2022,1
57,Leslie Cavanagh,"Fairbairn  Pass, 432",4-748-638-2120,cqwprSDHyM,Leslie_Cavanagh3009@qater.org,5,3/8/1980,1,FALSE,8/8/2022,0
58,Sadie Bowen,"Enderby   Hill, 4090",4-780-431-6885,xq6zL7tvK5,Sadie_Bowen1793@deavo.com,1,9/6/2013,1,TRUE,12/19/2022,0
59,Lara Wheeler,"Caslon   Street, 7976",3-775-355-8304,BVWdRGrKy3,Lara_Wheeler6534@nanoff.biz,5,4/1/2022,1,FALSE,11/17/2022,1
60,Marvin Addley,"Heritage Lane, 2208",0-404-687-1202,poZ4tmDp6V,Marvin_Addley6973@supunk.biz,6,3/10/1983,1,TRUE,11/30/2022,2
61,Jacob Cooper,"Cliffords  Road, 663",4-064-114-0004,VX62VHHLUa,Jacob_Cooper4783@vetan.org,6,4/17/1980,1,TRUE,6/7/2022,0
62,Leroy Mackenzie,"Bennett  Walk, 958",8-324-746-7032,cgqnEeyU8S,Leroy_Mackenzie7808@irrepsy.com,3,3/26/2017,1,TRUE,7/31/2022,0
63,Matt Khan,"Battersea   Alley, 6611",4-052-263-3826,JhxxH6wlMP,Matt_Khan9066@twipet.com,3,10/23/1971,0,FALSE,12/9/2022,1
64,Anabel Varndell,"Baylis  Tunnel, 2050",1-872-716-5220,Xd3ZlsIMRl,Anabel_Varndell9652@sveldo.biz,2,1/20/1991,1,FALSE,12/19/2022,1
65,Mara Price,"Endsleigh  Way, 8185",2-418-448-7275,BC7lPye0fv,Mara_Price8387@gembat.biz,5,2/12/1988,2,FALSE,9/7/2022,2
66,Valentina Wilcox,"Carpenter Walk, 8700",3-554-886-5764,kMGCcUWmLr,Valentina_Wilcox8598@bungar.biz,1,3/30/1986,2,TRUE,8/10/2022,2
67,Chester Durrant,"Paris   Walk, 4205",6-221-584-3246,cglKipdMEa,Chester_Durrant146@iatim.tech,1,5/3/1987,0,FALSE,6/27/2022,0
68,Chris Bradley,"Angrave    Hill, 3658",3-023-781-1744,ufs9qk9ywE,Chris_Bradley2410@joiniaa.com,3,12/14/1985,0,TRUE,12/22/2022,1
69,Jacob Cork,"Bede  Avenue, 3835",6-634-341-7178,l8uSKn2HqC,Jacob_Cork8116@fuliss.net,0,4/10/1999,0,TRUE,12/29/2022,2
70,Ciara Harper,"Cingworth  Road, 8149",8-012-738-1446,xGxV1vR5yp,Ciara_Harper4575@naiker.biz,4,9/14/2012,1,FALSE,7/25/2022,0
71,Aleksandra Button,"Marina  Route, 1903",6-515-712-6025,hANIgRhePR,Aleksandra_Button3575@womeona.net,3,3/10/1977,0,FALSE,6/13/2022,1
72,Gabriel Middleton,"Bede  Rue, 6253",2-343-376-5116,ING3UHja2P,Gabriel_Middleton4645@iatim.tech,5,5/14/1974,0,FALSE,6/18/2022,1
73,Carter Simpson,"Chamberlain  Vale, 3278",2-258-507-7778,vwzXxtsS5M,Carter_Simpson4535@grannar.com,0,10/13/2020,0,FALSE,8/14/2022,1
74,Eduardo Calderwood,"Sundown Alley, 501",5-732-132-0411,L1NI0vl79t,Eduardo_Calderwood4992@nimogy.biz,6,1/25/1989,0,FALSE,12/25/2022,0
75,Christine Upton,"Thomas More   Crossroad, 5332",3-278-720-1861,NtFUJGi5QG,Christine_Upton5925@sheye.org,0,9/1/1980,2,FALSE,11/15/2022,2
76,Ivette Townend,"Battis   Alley, 1121",7-164-262-4812,dTjawgztnr,Ivette_Townend4973@jiman.org,1,6/21/2018,1,FALSE,9/4/2022,0
77,Ramon Chapman,"King William  Pass, 4462",7-067-431-1878,xAcZV0djmS,Ramon_Chapman9996@dionrab.com,0,2/25/2002,0,FALSE,12/7/2022,2
78,Kamila Kidd,"Wager   Walk, 5828",4-225-863-0301,YqIIz7oLfV,Kamila_Kidd6947@yahoo.com,3,10/24/2018,1,FALSE,9/7/2022,1
79,William Stewart,"Ayres   Road, 8917",5-800-245-8186,JRROvOvrVA,William_Stewart6230@gmail.com,4,8/11/1998,2,FALSE,6/6/2022,2
80,Paige Fisher,"Canal  Tunnel, 4330",0-756-830-3637,4sr38lYghx,Paige_Fisher8767@infotech44.tech,0,7/30/2012,1,FALSE,6/8/2022,1
81,Analise Hamilton,"Bingham   Pass, 1707",6-285-227-8386,NaqnLyh2vz,Analise_Hamilton1007@famism.biz,6,6/18/1982,1,FALSE,12/11/2022,1
82,Camila Strong,"Durnford  Pass, 5809",3-553-087-7503,fy7UjOCVx0,Camila_Strong3678@corti.com,5,5/20/1971,2,FALSE,7/1/2022,2
83,Elijah Kent,"Bedford  Walk, 2932",5-472-231-6022,3C5tBIzYQY,Elijah_Kent7867@yahoo.com,3,9/30/2013,1,FALSE,5/13/2022,0
84,Mark James,"Linden Avenue, 6227",6-704-733-7420,qPg32gUeSr,Mark_James6044@deons.tech,6,2/19/1983,2,FALSE,8/25/2022,0
85,Jazmin Baldwin,"Rosewood Way, 4771",5-782-033-6126,NpL5GuKQNs,Jazmin_Baldwin4103@dionrab.com,0,8/17/2014,2,FALSE,6/3/2022,0
86,Hayden Griffiths,"Caslon   Walk, 8869",2-875-622-1737,jPXvJv0Z9B,Hayden_Griffiths8605@bauros.biz,5,9/18/1975,1,FALSE,8/22/2022,1
87,Kurt Speed,"Parkfield  Grove, 6020",7-154-457-3250,xZy1cKBb6u,Kurt_Speed6410@brety.org,5,2/19/2021,1,FALSE,9/18/2022,0
88,Jane Jennson,"Bede  Tunnel, 5474",8-137-864-4445,hDd0Jb2ioV,Jane_Jennson9113@zorer.org,2,10/8/1970,1,FALSE,6/28/2022,2
89,Maribel Victor,"Durweston   Walk, 3054",3-630-201-8803,VplMCSGzIS,Maribel_Victor9169@bulaffy.com,3,3/20/1981,1,FALSE,12/9/2022,2
90,Phillip Pearson,"College  Drive, 9789",5-355-582-1682,ICpAcwzxoP,Phillip_Pearson623@irrepsy.com,4,2/4/1977,0,FALSE,8/27/2022,1
91,Josh Whittle,"Calshot   Lane, 3152",3-544-874-3277,sCTsi75bsm,Josh_Whittle8675@hourpy.biz,1,6/9/1994,0,FALSE,6/11/2022,1
92,Benjamin Hunter,"Caxton  Pass, 3551",3-714-663-7188,V2NqgxSDHx,Benjamin_Hunter3339@eirey.tech,0,7/22/2004,0,FALSE,12/17/2022,0
93,Joseph Powell,"Calshot   Avenue, 7074",4-101-175-6767,T2miAlCzO5,Joseph_Powell8389@naiker.biz,0,12/23/1970,2,FALSE,11/18/2022,1
94,Anabelle Morrow,"Pine Lane, 8442",7-162-251-5431,oePwmWBKRp,Anabelle_Morrow7623@qater.org,6,11/7/2017,2,FALSE,10/24/2022,2
95,Remy Price,"Bayberry Pass, 3861",6-523-718-5502,Q4oKGS3X5I,Remy_Price6286@iatim.tech,4,10/23/2004,2,FALSE,9/9/2022,0
96,Penelope Knight,"Jackson Alley, 7389",3-888-545-3724,LGzPI5ovLn,Penelope_Knight4725@nickia.com,4,3/10/1996,0,FALSE,9/29/2022,0
97,Rihanna Shields,"Timothy  Drive, 2040",8-065-436-3431,zn3G3QWaNc,Rihanna_Shields4816@bretoux.com,5,7/26/2002,0,FALSE,8/17/2022,2
98,Amelia Hall,"Jackson Alley, 1532",5-556-872-8458,URutfx7B48,Amelia_Hall3083@atink.com,3,3/18/2019,2,FALSE,5/29/2022,1
99,Cedrick Kerr,"Lonsdale  Crossroad, 8336",3-485-008-8766,z9KLUZIy7o,Cedrick_Kerr1768@liret.org,6,7/12/1998,0,FALSE,10/3/2022,1
100,Amelia Brown,"Lonsdale  Route, 8309",0-120-722-1024,tt2LKN8DYD,Amelia_Brown9163@sheye.org,6,10/3/1972,1,FALSE,12/18/2022,0
101,Leanne Wilson,"Bede  Alley, 2543",4-888-384-2032,Zd8vFaQ7Yk,Leanne_Wilson4584@cispeto.com,3,5/29/1985,2,FALSE,6/28/2022,2
102,Sage Simpson,"Spruce Way, 1550",8-472-343-6170,pQqp9aemw4,Sage_Simpson7835@bretoux.com,1,3/10/1977,0,FALSE,5/26/2022,1
103,David Spencer,"Geffrye   Alley, 7618",1-140-656-1186,eNzPJKgFD9,David_Spencer7179@bauros.biz,3,7/26/2009,0,FALSE,7/17/2022,2
104,Johnathan Reynolds,"Chartham  Hill, 5680",4-340-853-7428,JLBved8TRi,Johnathan_Reynolds2852@infotech44.tech,3,12/20/2003,0,FALSE,12/6/2022,2
105,Mason Poulton,"Tilson  Way, 1345",0-188-518-3001,R5PAQW8ZXi,Mason_Poulton9879@gompie.com,6,11/10/1991,1,FALSE,7/16/2022,0
106,Domenic Franks,"Pine Lane, 4785",5-621-358-6422,NROjGk4dnA,Domenic_Franks2843@zorer.org,0,6/8/2009,0,FALSE,12/2/2022,0
107,Maria Reese,"Durnford  Rue, 7997",0-312-704-0507,dkScUyQb3q,Maria_Reese2340@nickia.com,6,11/13/1988,1,FALSE,7/31/2022,2
108,Logan Allen,"Elba  Street, 6545",8-718-736-6440,d6vHwvP4w5,Logan_Allen1441@muall.tech,6,12/2/2006,2,FALSE,6/16/2022,2
109,Jane Rowlands,"Blue Anchor  Alley, 9497",2-380-582-4577,3qZtxLRRNL,Jane_Rowlands7743@famism.biz,4,6/12/1983,2,FALSE,10/21/2022,1
110,Melinda Reynolds,"Under  Tunnel, 8010",2-637-024-5016,wZ2viXTvwe,Melinda_Reynolds1189@nickia.com,2,12/31/1976,2,FALSE,9/10/2022,1
111,Jack Shields,"Fieldstone Avenue, 9548",2-605-586-2181,51cTMECrUj,Jack_Shields8000@nimogy.biz,5,6/16/2002,2,FALSE,6/1/2022,0
112,Mya Stevens,"Cedarne  Pass, 2068",0-440-156-5163,YgLYgFRBbL,Mya_Stevens7423@bretoux.com,6,2/20/2010,0,FALSE,6/13/2022,1
113,Aeris Hale,"Norfolk  Rue, 117",4-162-865-5385,uBRBUJpSJd,Aeris_Hale6167@mafthy.com,4,5/10/1997,2,FALSE,7/3/2022,0
114,Matt Jobson,"Adams  Crossroad, 331",3-450-830-0488,lThhzkKupn,Matt_Jobson5989@nickia.com,0,11/11/2004,0,FALSE,7/24/2022,2
115,Anthony Morrison,"Abbots   Way, 953",2-050-251-0413,xRNYt0gZwQ,Anthony_Morrison132@brety.org,3,8/27/2000,2,FALSE,11/27/2022,0
116,Carrie Gates,"Unwin  Walk, 40",0-140-547-5701,bG2zRVGZe1,Carrie_Gates1098@ubusive.com,6,4/26/1986,2,FALSE,10/18/2022,2
117,Tony Reading,"Cockspur  Lane, 442",8-115-438-5702,6QTI3wnxNQ,Tony_Reading2141@bauros.biz,0,7/15/1990,0,FALSE,11/13/2022,0
118,Owen Strong,"Cliffords  Grove, 8979",3-576-568-3273,zzpvwdHOfq,Owen_Strong2742@grannar.com,0,1/27/1985,2,FALSE,12/21/2022,2
119,Evelynn Woodley,"Abbey   Grove, 6372",0-232-387-4561,ye5NGDqcEB,Evelynn_Woodley160@vetan.org,5,4/10/2017,2,FALSE,7/30/2022,2
120,Nate Waterhouse,"Sundown Pass, 3173",5-120-315-2665,sgYmBtqUFV,Nate_Waterhouse9353@nimogy.biz,3,10/1/1988,1,FALSE,7/7/2022,1
121,Rocco Eddison,"Bellenden   Grove, 7635",6-321-458-2835,J8q8rfyso8,Rocco_Eddison6865@hourpy.biz,5,4/16/1993,2,FALSE,7/14/2022,0
122,Janelle Bristow,"Castle Drive, 7041",6-880-216-2162,4yvw9fcpo1,Janelle_Bristow5648@bretoux.com,1,12/10/1976,0,FALSE,5/9/2022,1
123,Rhea Stewart,"Bempton   Hill, 3223",0-412-433-4734,N3TzJkt2zO,Rhea_Stewart3573@infotech44.tech,1,10/25/2005,2,FALSE,6/27/2022,2
124,Johnny Stone ,"Clarges   Pass, 7438",0-357-470-4164,B5tFtjAiDT,Johnny_Stone 5742@muall.tech,0,7/5/1978,2,FALSE,11/14/2022,1
125,Rocco Upsdell,"Cavaye  Pass, 8642",3-450-216-1276,Vgqadtisnf,Rocco_Upsdell4773@naiker.biz,4,4/1/2020,2,FALSE,5/1/2022,1
126,Amy Stubbs,"Dunton  Crossroad, 9588",0-128-648-2620,LWHW3u8GPK,Amy_Stubbs9782@liret.org,6,3/22/2013,0,FALSE,9/6/2022,2
127,Sylvia Nicholls,"Apsley    Lane, 4977",8-605-171-1270,7flwE3SFdW,Sylvia_Nicholls1643@bretoux.com,0,3/18/2011,1,FALSE,10/21/2022,2
128,Alessia Grey,"Norfolk  Walk, 86",1-842-555-0844,3wbIyYBzOU,Alessia_Grey5037@mafthy.com,2,6/26/1973,0,FALSE,6/10/2022,2
129,Jacob Appleton,"Eaglet  Grove, 2274",2-350-471-5440,2wjppXJJgo,Jacob_Appleton7422@naiker.biz,4,8/18/1988,0,FALSE,6/5/2022,0
130,Carolyn Radcliffe,"Carnegie   Crossroad, 2462",0-237-224-8358,g53jilAoTZ,Carolyn_Radcliffe4172@corti.com,4,11/5/1986,1,FALSE,11/11/2022,0
131,Chadwick Mills,"Beaconsfield  Boulevard, 780",6-424-653-6033,16hzkxtgh9,Chadwick_Mills3412@jiman.org,4,4/16/2014,1,FALSE,7/2/2022,1
132,Daniel Lyon,"Chambers  Lane, 6935",3-512-387-6085,jYxFVOlnjZ,Daniel_Lyon3521@ubusive.com,5,5/2/1976,2,FALSE,8/22/2022,1
133,Hazel Eagle,"Besson  Boulevard, 9108",3-484-562-7426,gVWRAPTIqt,Hazel_Eagle4730@qater.org,1,7/28/1993,1,FALSE,6/2/2022,1
134,Adalie Hill,"South Vale, 4354",3-375-184-3411,31nK2mwB35,Adalie_Hill7198@liret.org,5,2/9/1978,0,FALSE,9/25/2022,1
135,Tania Roman,"Fieldstone Drive, 5194",2-204-423-5532,mzQfqGDcuq,Tania_Roman8413@twipet.com,1,4/20/1999,1,FALSE,7/11/2022,0
136,Cameron Vernon,"Cheney  Route, 9168",1-507-084-7152,hvL0bBx3pd,Cameron_Vernon2025@bretoux.com,5,3/1/1972,1,FALSE,12/22/2022,0
137,Leilani Hall,"South Street, 5831",2-786-465-5515,42ra4SSvEL,Leilani_Hall2125@gembat.biz,1,11/27/2003,1,FALSE,10/11/2022,1
138,Harry Rees,"Bekesbourne   Tunnel, 2860",2-164-204-8167,erHYCppEi3,Harry_Rees4206@deons.tech,6,1/17/1996,0,FALSE,10/11/2022,0
139,William Buckley,"Champion  Drive, 6009",4-707-817-4838,jfrX2Dw9St,William_Buckley8735@deavo.com,1,11/14/1972,1,FALSE,8/31/2022,1
140,Andie Hamilton,"Baltic  Lane, 3138",1-758-801-3078,uto2mJzw4t,Andie_Hamilton6113@sveldo.biz,3,1/24/2016,1,FALSE,9/15/2022,2
141,Bree Mullins,"Bacton   Boulevard, 9542",8-114-361-0538,ed9jktGA7P,Bree_Mullins1441@nimogy.biz,5,10/27/1986,1,FALSE,8/9/2022,2
142,Rick Knight,"Abourne   Vale, 1239",6-741-403-8041,GyYruaWJN3,Rick_Knight1593@corti.com,4,10/28/1970,2,FALSE,5/25/2022,2
143,Sadie Mooney,"Lake Boulevard, 2601",7-880-724-0121,Ie6NkS0M3C,Sadie_Mooney6823@ovock.tech,0,3/13/1991,0,FALSE,5/12/2022,0
144,Tom Patel,"Elgood   Pass, 7124",0-846-685-8551,1RZNJAzowI,Tom_Patel5787@zorer.org,6,3/21/1982,1,FALSE,8/5/2022,1
145,Aurelia Bryson,"Boldero   Route, 4368",4-125-016-5528,Xw7kdEobg3,Aurelia_Bryson9839@elnee.tech,2,12/10/1980,1,FALSE,12/30/2022,1
146,Adalie Plumb,"Ashley Walk, 441",5-382-200-1830,fy0heu2Yva,Adalie_Plumb8767@dionrab.com,3,7/19/1982,1,FALSE,6/10/2022,2
147,Allison Vaughn,"Ernest  Road, 1918",1-582-148-5671,a2CmrWZFIF,Allison_Vaughn5259@corti.com,1,12/2/1979,2,FALSE,8/17/2022,1
148,Mike Powell,"Howard Route, 7434",2-277-368-7720,mB4FrJmC60,Mike_Powell5305@brety.org,4,3/30/1990,1,FALSE,10/21/2022,2
149,Bryce Turner,"Bendall   Crossroad, 4580",2-755-875-8075,Wxb4skQa3H,Bryce_Turner2273@bretoux.com,6,7/5/1998,0,FALSE,5/12/2022,0
150,Kieth Mann,"Battersea   Rue, 5679",8-655-136-5311,XP5VDhpFXO,Kieth_Mann9347@guentu.biz,5,1/16/2012,2,FALSE,11/15/2022,0
151,Phoebe Lee,"Belfort  Pass, 2008",7-827-062-7254,O9QU9yxzCw,Phoebe_Lee4896@hourpy.biz,3,10/8/1988,2,FALSE,8/10/2022,0
152,Sebastian Wright,"Oxford Rue, 1348",8-681-454-3485,00taXKteZ4,Sebastian_Wright8462@bulaffy.com,2,5/18/1980,2,FALSE,7/14/2022,2
153,Henry Owen,"Emden   Alley, 7874",1-378-350-1410,7hRNEwq70O,Henry_Owen3962@mafthy.com,2,4/25/2005,1,FALSE,12/1/2022,1
154,Aiden Jobson,"Caxton  Drive, 6252",5-155-032-7402,yrNixzbSh0,Aiden_Jobson8602@grannar.com,0,2/11/1983,0,FALSE,5/24/2022,1
155,Ally Dale,"Callcott   Route, 3214",5-865-007-4136,hnZwtmgXbE,Ally_Dale3952@bauros.biz,5,8/28/2018,2,FALSE,5/12/2022,1
156,Eduardo Mason,"Callcott   Road, 1790",6-766-051-2443,Oj7PKK5pn9,Eduardo_Mason4389@cispeto.com,4,5/31/1988,1,FALSE,9/11/2022,1
157,Megan Mooney,"Birkin   Rue, 3741",1-673-072-0676,QRZLUUCUQC,Megan_Mooney5575@guentu.biz,4,11/24/2020,0,FALSE,8/23/2022,2
158,Vanessa Jeffery,"Bolingbroke  Way, 5310",4-485-023-0038,ptaUo2GcQE,Vanessa_Jeffery9464@sheye.org,4,3/28/1988,0,FALSE,10/19/2022,1
159,Willow Scott,"King William  Way, 6882",3-638-073-7863,glVcgqOQZP,Willow_Scott3865@famism.biz,0,1/12/2003,1,FALSE,5/9/2022,2
160,Jacob Evans,"Chandos  Way, 5432",2-102-515-0328,Y9NaAnSUcj,Jacob_Evans4177@tonsy.org,1,1/13/2008,1,FALSE,12/14/2022,2
161,Rosalie Jenkin,"Bush  Grove, 4518",8-153-755-2376,SdI83Cyf3I,Rosalie_Jenkin8089@iatim.tech,1,4/13/1987,0,FALSE,10/7/2022,2
162,Luke Potts,"Bush  Route, 890",0-745-353-4610,hTiTLgWCx2,Luke_Potts3454@twace.org,6,10/26/1981,1,FALSE,5/22/2022,0
163,Karla Mills,"Endsleigh  Lane, 7041",5-248-314-2528,bwlNvoiVbK,Karla_Mills8005@hourpy.biz,1,10/17/1975,2,FALSE,12/1/2022,0
164,Andrea Locke,"Parkfields Hill, 1136",3-103-653-7106,urbhzbUyk8,Andrea_Locke6289@cispeto.com,4,1/10/1991,1,FALSE,12/16/2022,0
165,Liv Riley,"Colombo   Avenue, 4684",3-366-217-0721,eX7Ivob8Qp,Liv_Riley9838@acrit.org,4,12/26/1973,1,FALSE,5/18/2022,0
166,Owen Morgan,"Commercial  Boulevard, 2714",5-851-440-0023,TcQxX9GqAX,Owen_Morgan3295@muall.tech,1,7/12/1983,2,FALSE,11/17/2022,2
167,Raquel Hill,"Chestnut Rise Alley, 6230",1-630-164-4575,0EU3SRY1Tw,Raquel_Hill300@bretoux.com,4,4/3/1994,1,FALSE,5/11/2022,1
168,Esmeralda Clark,"Lonsdale  Alley, 5073",5-147-787-6734,6Vx0KZtnsh,Esmeralda_Clark7870@bungar.biz,3,4/13/2013,1,FALSE,7/17/2022,1
169,Ilona Nash,"Angela   Pass, 4936",5-382-503-1152,O3W8yM7B8G,Ilona_Nash8092@jiman.org,4,2/22/1971,0,FALSE,9/25/2022,1
170,David Hobson,"Durham Drive, 7229",4-677-807-8373,lawYzKWQzd,David_Hobson4260@sveldo.biz,0,6/13/1972,0,FALSE,12/24/2022,1
171,Faith Benson,"Argyle  Hill, 9443",8-651-604-1628,eWHPBjwysy,Faith_Benson770@nickia.com,3,11/16/2017,0,FALSE,11/16/2022,2
172,Kurt Mitchell,"Fairholt   Tunnel, 398",6-080-841-8047,Ok1IzBFR2Z,Kurt_Mitchell4003@ovock.tech,5,1/1/1993,0,FALSE,6/19/2022,0
173,Matthew Rivers,"Chatfield  Hill, 4347",5-606-151-8106,tmXmVHMkwv,Matthew_Rivers1717@deavo.com,4,3/24/1986,2,FALSE,10/30/2022,2
174,Samantha Edwards,"Parkfields Rue, 8515",8-770-640-1155,2Dxpe9da72,Samantha_Edwards3862@fuliss.net,5,1/4/1988,0,FALSE,5/7/2022,1
175,Chuck Curtis,"Victorian  Lane, 8450",1-552-672-6166,0vr8jxCuRN,Chuck_Curtis2805@extex.org,1,4/12/2000,2,FALSE,6/8/2022,2
176,Nicholas Roscoe,"Timothy  Road, 4681",0-453-111-7621,R0nmzjYsEh,Nicholas_Roscoe9774@deavo.com,3,9/29/2000,2,FALSE,11/21/2022,1
177,Carol Stevens,"Victorian  Alley, 4040",4-456-474-8806,U975GzGy02,Carol_Stevens9615@infotech44.tech,0,9/22/1991,1,FALSE,6/4/2022,2
178,Rosalie Wood,"Kinglake  Drive, 7172",7-327-840-0307,kxNgjhdSZj,Rosalie_Wood9808@corti.com,0,7/17/2015,1,FALSE,10/20/2022,1
179,Clint Upsdell,"Aylward   Street, 9053",0-213-051-0784,5riIx2M8Hf,Clint_Upsdell4250@vetan.org,3,9/7/1989,0,FALSE,11/22/2022,0
180,Jaylene Evans,"Yoakley Lane, 3108",5-874-371-5825,gIEYjot8FG,Jaylene_Evans4688@ovock.tech,5,1/20/1976,0,FALSE,5/7/2022,1
181,Chloe Pearce,"Queensberry  Alley, 5986",7-768-322-1075,DK0MJ6FVRH,Chloe_Pearce8386@elnee.tech,0,4/20/1982,1,FALSE,5/7/2022,2
182,Wade Heaton,"Blore  Grove, 7965",7-422-185-4436,cwydCbmobF,Wade_Heaton7960@vetan.org,1,8/17/2012,1,FALSE,8/13/2022,0
183,Mason Lloyd,"Queensberry  Drive, 2581",3-702-056-7817,GY9sB0DdBi,Mason_Lloyd7764@typill.biz,3,3/25/2018,1,FALSE,8/30/2022,2
184,Adalind Healy,"Chalcot  Vale, 2563",3-584-124-5737,do6rj8gSTt,Adalind_Healy5134@irrepsy.com,0,8/6/2004,2,FALSE,6/28/2022,2
185,Tom Reyes,"King Edward  Boulevard, 6014",2-138-805-6642,QFyg2Jxys1,Tom_Reyes5093@bauros.biz,3,5/10/1980,0,FALSE,10/14/2022,0
186,Benny Robertson,"St. Johs  Alley, 6485",7-623-083-1667,Ffkuwa7smc,Benny_Robertson2337@gmail.com,6,10/26/2013,2,FALSE,10/31/2022,2
187,Roger Everett,"Chapel  Boulevard, 2200",0-365-851-5821,KzeLkYUhZ6,Roger_Everett9941@bretoux.com,5,9/9/2021,2,FALSE,9/13/2022,0
188,Zoe Addison,"Carol   Road, 2444",4-334-756-1826,2z6RAH7ktM,Zoe_Addison7897@ovock.tech,2,11/28/2005,2,FALSE,5/16/2022,0
189,Kassandra Norton,"Sheraton   Drive, 4122",3-133-862-6158,iMQDvcH1sA,Kassandra_Norton4258@bretoux.com,5,5/7/1983,0,FALSE,8/13/2022,1
190,Rosalee Poole,"Hammersmith  Boulevard, 154",7-812-243-0200,c3NYB2gG3H,Rosalee_Poole6988@mafthy.com,3,4/12/1979,2,FALSE,7/20/2022,0
191,Percy Redfern,"Heritage Hill, 7464",5-428-684-7721,4da3JSpFq8,Percy_Redfern3916@sveldo.biz,1,12/3/2009,1,FALSE,10/23/2022,1
192,Anabelle Simmons,"Elba  Pass, 2121",1-626-833-3867,m63wQXFOfR,Anabelle_Simmons3944@elnee.tech,3,5/14/1999,0,FALSE,10/28/2022,1
193,Analise Murphy,"Blackheath   Tunnel, 3419",7-205-407-0582,UWQ5sTuHoc,Analise_Murphy2963@atink.com,4,6/26/2020,0,FALSE,5/31/2022,1
194,Nancy Lewis,"Carol   Road, 4666",3-842-833-5878,YSl2eLYqWX,Nancy_Lewis8238@brety.org,0,8/20/2013,1,FALSE,8/12/2022,2
195,George Stone,"Adderley   Pass, 5572",6-004-565-1026,3GpFjLeZp3,George_Stone8544@sveldo.biz,6,7/30/1992,1,FALSE,10/22/2022,0
196,Johnny Bailey,"Bales  Route, 1145",6-242-143-0563,ReDo46HCOC,Johnny_Bailey29@zorer.org,4,12/11/1996,0,FALSE,11/24/2022,1
197,Oliver Gray,"Black Swan  Walk, 9077",8-505-837-5463,lNJEpaxxrS,Oliver_Gray4285@infotech44.tech,5,1/13/2014,0,FALSE,9/9/2022,1
198,Lucas Wooldridge,"Chestnut Rise Pass, 867",6-543-326-8121,j9FlipPygO,Lucas_Wooldridge5917@grannar.com,2,9/4/1976,2,FALSE,10/28/2022,0
199,Hanna Tutton,"Bellenden  Grove, 5945",6-286-781-2466,qZL0HCGRI7,Hanna_Tutton6144@yahoo.com,3,5/15/2000,0,FALSE,10/5/2022,1
200,Elle James,"Cecilia  Hill, 1671",0-051-807-8776,yQSmHOaK2c,Elle_James8607@twace.org,4,3/8/1972,1,FALSE,8/30/2022,2
