ID,Name,Address,Phone,WeChat,Email,Profession,Birth,Risk,hasDDL,Deadline,Treatment
1,Janice Lee,"Falconberg   Alley, 1499",8-155-772-3483,iRgK5BefIh,Janice_Lee3528@bauros.biz,5,11/19/1970,0,FALSE,9/18/2022,2
2,Aileen Vincent,"South Walk, 374",2-148-077-0162,JY8lhcyhTz,Aileen_Vincent6538@deons.tech,3,3/28/1987,1,FALSE,5/5/2022,2
3,Chadwick Harvey,"Amwell    Walk, 2150",6-845-634-6844,FTcMnF9jb3,Chadwick_Harvey968@womeona.net,6,1/15/2005,0,FALSE,10/17/2022,2
4,Celia Eastwood,"Andsell    Walk, 9060",1-260-587-2212,1QUTpXf5j8,Celia_Eastwood5309@womeona.net,5,9/10/2010,2,FALSE,8/22/2022,1
5,Evelynn Jones,"Parkfield  Boulevard, 7402",2-158-873-6074,piP5lrAPt2,Evelynn_Jones8616@ubusive.com,6,1/14/2009,0,FALSE,7/14/2022,2
6,Courtney Vollans,"Geary   Walk, 9406",5-380-670-8668,VPk1Z1qKRJ,Courtney_Vollans7399@nickia.com,2,6/25/2000,2,FALSE,10/25/2022,0
7,Clint Thomas,"Blackwall  Street, 9480",5-672-685-5278,MbexzqnbFS,Clint_Thomas6818@infotech44.tech,4,7/14/2021,1,TRUE,9/8/2022,1
8,Nathan Thomas,"Adelaide  Way, 6309",0-800-245-6427,O1In6yQTy0,Nathan_Thomas6971@atink.com,6,2/15/1988,2,FALSE,12/19/2022,2
9,Domenic Matthews,"Blackall   Boulevard, 4519",2-330-426-2565,lDzxUvEt3x,Domenic_Matthews4299@bungar.biz,0,10/3/1989,0,TRUE,7/15/2022,2
10,Claire Nanton,"Coborn  Grove, 476",5-351-732-1065,jJboybSs9D,Claire_Nanton6340@eirey.tech,2,5/7/1990,0,FALSE,5/10/2022,1
11,Chadwick May,"Bethwin  Tunnel, 292",2-002-566-4160,9Ub9BKSuLp,Chadwick_May574@bungar.biz,4,6/27/2006,0,TRUE,5/2/2022,1
12,Kieth Russell,"Beaconsfield  Pass, 6488",7-184-203-1621,fCFWNIUnrx,Kieth_Russell2874@jiman.org,6,6/3/2009,2,FALSE,8/12/2022,0
13,Alessia Glass,"Union  Grove, 6584",4-678-045-8247,QSA0l6Et1D,Alessia_Glass7303@irrepsy.com,4,12/15/2011,2,FALSE,6/6/2022,2
14,Bart Payne,"Arthur  Walk, 2603",7-021-118-5264,9rjlySEKJi,Bart_Payne6737@sveldo.biz,2,7/17/1988,2,FALSE,5/23/2022,2
15,Elle Goodman,"Capeners  Hill, 6358",0-360-310-2336,bHorG7319x,Elle_Goodman6220@brety.org,3,6/7/2001,1,FALSE,8/6/2022,0
16,Crystal Simpson,"Chatsworth  Road, 1997",1-084-054-5680,fXk0XmPfia,Crystal_Simpson8003@hourpy.biz,5,12/7/2019,1,TRUE,5/31/2022,0
17,Matthew Atkinson,"Baltic  Route, 9451",2-034-586-8665,tfcvUNOgVr,Matthew_Atkinson9699@sveldo.biz,1,2/15/2015,2,TRUE,10/23/2022,2
18,Johnny Thornton,"Camdale  Vale, 639",0-076-833-3844,atCOU9KngQ,Johnny_Thornton9521@atink.com,4,11/23/1972,0,FALSE,12/22/2022,1
19,Ilona Dowson,"Chalcot  Route, 4757",5-171-525-7282,LrkxF3Qprf,Ilona_Dowson4849@gembat.biz,3,10/14/1999,2,FALSE,6/28/2022,1
20,Miley Ross,"Church Road, 7660",5-052-161-4626,zso7J8Wm67,Miley_Ross3789@deons.tech,5,2/20/2005,2,TRUE,12/18/2022,2
21,Chad Egerton,"Chester      Boulevard, 7960",4-754-738-1160,vUFxM83nXX,Chad_Egerton6320@typill.biz,6,12/9/1984,1,FALSE,7/13/2022,2
22,Marvin Irwin,"Bacon  Lane, 2584",7-238-515-1084,7R7ZzAnMAz,Marvin_Irwin789@vetan.org,4,8/18/1992,1,TRUE,8/8/2022,2
23,Charlize Wright,"Chart   Boulevard, 1003",1-365-037-0351,JY3aunqhlb,Charlize_Wright978@grannar.com,3,5/4/1997,1,TRUE,9/12/2022,2
24,Christine Shepherd,"Maple Way, 869",1-508-428-0874,jSuoH3QF6X,Christine_Shepherd8974@nickia.com,1,7/24/1975,0,TRUE,8/3/2022,0
25,Hayden Baker,"Carnegie   Lane, 2760",1-785-787-4464,G4prU960jX,Hayden_Baker6633@fuliss.net,6,4/3/1991,1,FALSE,5/27/2022,2
26,Bob Stubbs,"Cavell   Route, 1353",0-273-426-3607,EuV3d0CM5d,Bob_Stubbs259@nanoff.biz,4,5/3/1999,2,FALSE,8/2/2022,0
27,Regina Shaw,"Castle Route, 1231",1-002-004-0826,31apDJQ1Tg,Regina_Shaw6137@grannar.com,4,1/22/2005,2,TRUE,10/10/2022,2
28,Nathan Ward,"Mariner   Hill, 5276",5-614-440-1048,irEkfhgnKh,Nathan_Ward5104@nanoff.biz,0,9/14/2004,1,FALSE,6/1/2022,1
29,Hayden Goodman,"Cloth  Alley, 1830",7-383-815-5427,YNW9JjJ1EP,Hayden_Goodman2692@cispeto.com,5,7/13/1986,1,FALSE,5/26/2022,1
30,Maxwell Freeburn,"Sheraton   Alley, 5527",7-523-360-3341,QJA6izOFVR,Maxwell_Freeburn2042@atink.com,4,7/6/1979,0,TRUE,10/2/2022,2
31,Rosie Beal,"Byland  Boulevard, 5872",4-408-573-3473,RqvQnfmKHv,Rosie_Beal3112@gmail.com,3,4/7/2015,2,TRUE,9/21/2022,1
32,Alexander Gilbert,"Epworth  Alley, 3430",8-421-331-2050,VAMzOEcDLm,Alexander_Gilbert5480@iatim.tech,1,9/3/1980,2,FALSE,8/17/2022,1
33,Rihanna Pierce,"Oxford Vale, 5145",2-861-225-6656,tK4tY4EAt8,Rihanna_Pierce9481@bretoux.com,4,3/14/1978,0,FALSE,6/7/2022,0
34,Mason Rehman,"Archery  Lane, 9694",0-543-661-5072,AJYhTnJBfY,Mason_Rehman4583@nickia.com,0,11/26/1991,2,FALSE,9/30/2022,1
35,Ciara Poole,"Littlebury  Drive, 4519",5-102-316-8050,maXjl9c8zS,Ciara_Poole4972@iatim.tech,0,2/10/1978,2,FALSE,12/3/2022,0
36,Hank Jarvis,"Camelot   Pass, 2773",0-453-000-7402,86HJKjEFfT,Hank_Jarvis6665@liret.org,5,6/24/2007,1,TRUE,6/28/2022,1
37,Alexander Eyres,"Bales  Drive, 1528",7-055-887-0365,RUM7YPzpuj,Alexander_Eyres1625@jiman.org,0,8/28/2013,1,TRUE,7/8/2022,1
38,Josephine Rodgers,"Clifton  Lane, 7993",4-347-682-4635,DkOknvhyIr,Josephine_Rodgers5299@deavo.com,0,11/1/1990,1,TRUE,7/28/2022,2
39,Elijah Vane,"Jackson Boulevard, 8787",4-648-626-7304,evuG9pVcdv,Elijah_Vane8322@famism.biz,0,8/8/1970,0,TRUE,12/11/2022,1
40,Estrella Raven,"Spruce Route, 1697",5-203-178-1624,W71Grlc8xH,Estrella_Raven9893@qater.org,6,2/12/1978,0,FALSE,12/25/2022,0
41,Russel Gallacher,"Bedford  Lane, 1370",0-886-743-3783,iujCjcDQ8k,Russel_Gallacher584@famism.biz,4,5/12/1983,2,TRUE,12/8/2022,1
42,Barry Utterson,"Antrobus   Vale, 6024",7-802-531-3228,uX6h81QgPJ,Barry_Utterson7220@supunk.biz,1,5/10/2021,2,TRUE,9/14/2022,1
43,Caydence Vaughn,"Cheney  Alley, 8267",3-835-515-5273,uj2bEg0RLb,Caydence_Vaughn2865@mafthy.com,2,11/11/2009,2,TRUE,12/13/2022,2
44,Javier Clarke,"Becklow  Avenue, 8242",7-350-477-0101,Mf2XGZB1DT,Javier_Clarke8773@zorer.org,2,4/23/2015,0,FALSE,11/6/2022,0
45,Henry Jackson,"Dyott   Lane, 9585",7-745-665-2266,Q3bf8eMIOP,Henry_Jackson9380@extex.org,6,4/9/1987,1,TRUE,8/15/2022,0
46,Vera Ashley,"Clavell   Rue, 1322",6-252-447-8835,daqs1yjUW3,Vera_Ashley5398@sheye.org,6,10/1/1986,0,TRUE,9/25/2022,2
47,Ronald Mcgregor,"Collent   Route, 8242",4-801-683-3136,y3UPIdj6kV,Ronald_Mcgregor8930@deavo.com,6,10/26/2008,0,FALSE,8/29/2022,1
48,Iris Brown,"Collingwood  Tunnel, 3541",4-677-273-1634,xwydlPIcbA,Iris_Brown9691@jiman.org,3,11/18/2016,1,FALSE,10/16/2022,1
49,Andrea Blythe,"Monroe Rue, 9454",8-756-162-3026,TFyVjdR4qJ,Andrea_Blythe66@deavo.com,3,9/28/2007,2,FALSE,8/29/2022,1
50,Rebecca Flett,"Lonsdale  Boulevard, 1953",2-231-537-4241,z99x2EMAjO,Rebecca_Flett1051@gompie.com,0,9/3/2009,0,TRUE,7/2/2022,0
51,Susan Olivier,"Andsell    Crossroad, 3507",6-882-653-4661,Hhv7NtOcQg,Susan_Olivier2605@eirey.tech,0,10/19/1981,1,FALSE,7/1/2022,1
52,Brad Truscott,"Chelsea Manor  Route, 973",8-375-813-1610,YBjzfszDiw,Brad_Truscott824@qater.org,5,10/7/1991,2,FALSE,5/15/2022,1
53,Chester Andrews,"Cardinal Vale, 890",7-644-775-7724,TOzT3fFKbW,Chester_Andrews5099@liret.org,0,4/21/1974,0,TRUE,5/26/2022,0
54,Percy Cameron,"Fairview Lane, 5576",8-806-161-0035,TepsSbeZNU,Percy_Cameron9014@corti.com,1,10/12/1978,0,TRUE,7/25/2022,2
55,Jacob Zaoui,"Enford   Lane, 3435",3-458-075-0236,D7pOEe3gpI,Jacob_Zaoui9548@ovock.tech,6,1/29/1972,0,FALSE,11/22/2022,0
56,Alexander Nanton,"Bacon  Vale, 3773",8-405-421-4337,iANMdhu0hq,Alexander_Nanton6973@qater.org,6,3/4/2001,2,TRUE,11/9/2022,1
57,Logan Stubbs,"Lincoln Boulevard, 7541",2-547-428-3722,hukrNsGCvz,Logan_Stubbs2735@muall.tech,6,3/22/2001,1,FALSE,9/8/2022,2
58,Savannah Johnson,"Maple Grove, 3137",7-005-021-1447,zQi5C5fNcf,Savannah_Johnson525@bulaffy.com,1,10/2/2010,1,TRUE,5/4/2022,2
59,Joseph Everett,"Battersea   Lane, 3481",7-538-668-7111,rx9yxJywAI,Joseph_Everett4797@hourpy.biz,6,10/27/1996,1,TRUE,11/17/2022,1
60,Emma Wellington,"Thomas  Avenue, 736",1-241-328-6815,ZS2NXuhajh,Emma_Wellington4013@liret.org,6,3/20/1988,1,FALSE,6/5/2022,0
61,Kirsten Roberts,"Chatfield  Grove, 2093",2-454-534-6511,Gh4gtAe0EM,Kirsten_Roberts9736@twipet.com,0,7/16/2021,2,TRUE,8/4/2022,0
62,Tyler Hall,"Thrale   Route, 9302",7-321-605-3117,fxWATMkfKV,Tyler_Hall9472@bauros.biz,2,11/2/2012,1,TRUE,12/20/2022,1
63,Denis Notman,"Enderby   Boulevard, 9475",7-537-482-6187,LNPj1m5WnC,Denis_Notman3022@typill.biz,4,8/2/1979,0,TRUE,9/23/2022,1
64,Hanna Marshall,"Falconberg   Crossroad, 9299",6-215-560-7232,wuq4ezrp2d,Hanna_Marshall4135@iatim.tech,0,11/13/1989,2,TRUE,7/17/2022,0
65,Emerald Cunningham,"Garfield Alley, 4115",4-546-873-5587,0N9cWnDQ01,Emerald_Cunningham3957@infotech44.tech,3,8/21/1974,2,FALSE,7/11/2022,2
66,Irene Norris,"Bective  Vale, 5599",3-208-044-0841,I3PiIlFlaH,Irene_Norris340@bauros.biz,3,5/17/2001,1,TRUE,8/31/2022,1
67,Maya Chappell,"Besson  Grove, 6134",8-533-017-3612,vUrbYjfWyO,Maya_Chappell5506@joiniaa.com,2,10/14/2021,2,FALSE,10/31/2022,2
68,Chris Bayliss,"Boadicea   Avenue, 4425",3-824-263-2208,3noXbM4Vk6,Chris_Bayliss5911@cispeto.com,4,11/26/1992,0,FALSE,10/17/2022,2
69,Bryon Lewis,"Empress  Vale, 2526",0-887-078-8502,wF2eyYjBhl,Bryon_Lewis278@infotech44.tech,2,6/6/1987,0,FALSE,6/4/2022,0
70,Nancy Lewin,"Sundown Way, 5737",6-162-680-1358,s5mnBBndP9,Nancy_Lewin2481@bauros.biz,3,12/11/2014,1,FALSE,6/9/2022,2
71,Allison Wigley,"Timothy  Way, 4208",6-625-033-1448,BNXjfYKYp2,Allison_Wigley707@naiker.biz,6,2/10/1992,2,TRUE,10/26/2022,0
72,Brad Cobb,"Battersea   Grove, 4405",6-847-514-5720,IT6hq6YO1o,Brad_Cobb8679@twipet.com,1,7/3/2010,2,FALSE,9/8/2022,1
73,Ramon Walsh,"Callcott   Tunnel, 2789",6-154-050-0472,k0kxylQE9J,Ramon_Walsh3353@nimogy.biz,4,2/22/2009,2,TRUE,6/8/2022,1
74,Russel Blackburn,"Battis   Street, 1767",5-850-884-1113,P2SHZfAxUK,Russel_Blackburn6496@twace.org,6,9/30/2003,1,TRUE,9/8/2022,0
75,Sasha Rose,"Bacon  Way, 7958",2-217-180-7768,Q70A7vpbnd,Sasha_Rose5698@muall.tech,5,12/6/2002,2,TRUE,10/21/2022,0
76,Michaela Zaoui,"Longmoore   Walk, 7429",2-506-328-2734,CK7TtoWKmt,Michaela_Zaoui1020@bulaffy.com,6,1/21/2022,2,TRUE,8/31/2022,2
77,Logan Sinclair,"Gathorne   Grove, 3639",5-814-366-4622,GKKAIvEvUZ,Logan_Sinclair9398@joiniaa.com,5,8/18/2017,1,FALSE,6/24/2022,1
78,Harvey Grady,"Baynes  Way, 3259",2-325-832-6620,bIG6rgWkRe,Harvey_Grady2559@guentu.biz,1,11/28/1972,0,FALSE,6/7/2022,0
79,Kate Spencer,"Aspen Crossroad, 5060",7-472-465-7722,myVzEgFfbO,Kate_Spencer8748@corti.com,3,2/4/1975,0,TRUE,5/9/2022,2
80,Thea Gaynor,"Comet House  Pass, 2820",7-348-844-0584,jVZR7BRNuv,Thea_Gaynor9262@deavo.com,6,6/14/1982,2,TRUE,9/22/2022,2
81,Manuel Jenkin,"Parkgate  Way, 5727",1-801-342-0748,LU8f5olqQZ,Manuel_Jenkin8077@tonsy.org,5,5/17/1988,2,FALSE,9/25/2022,0
82,Jane Wilcox,"Comet House  Avenue, 7817",2-083-735-3651,t2VJVsVx3O,Jane_Wilcox1983@twipet.com,2,11/3/2016,1,TRUE,5/23/2022,2
83,Lucas Boyle,"Black Swan  Crossroad, 9484",8-731-275-2421,evjhGsifW2,Lucas_Boyle9458@extex.org,0,6/9/1999,1,FALSE,8/24/2022,0
84,Jasmine Hall,"Arlington  Vale, 328",8-111-453-5376,TSfE71WlHQ,Jasmine_Hall5970@ovock.tech,5,2/25/2010,1,FALSE,7/19/2022,1
85,Johnathan Oakley,"Chart   Hill, 9563",6-054-015-8704,ZfBvVPbXRl,Johnathan_Oakley4287@infotech44.tech,1,12/17/1997,0,FALSE,6/20/2022,2
86,Sharon Williams,"Blackheath   Rue, 6133",5-015-580-3604,TcPWUEa9AO,Sharon_Williams8019@guentu.biz,2,10/14/2012,2,FALSE,7/30/2022,1
87,Benny Thorpe,"Marischal  Hill, 6210",8-410-885-5201,ibpXxIrtHU,Benny_Thorpe2548@deavo.com,0,12/2/2006,1,FALSE,5/8/2022,1
88,Johnathan Burnley,"Queen Avenue, 9200",8-055-373-1373,lpcRr09SSX,Johnathan_Burnley8748@fuliss.net,3,10/20/2021,1,FALSE,5/30/2022,1
89,Anais Rixon,"Endsleigh  Pass, 8900",2-326-338-3037,qkLiE9Dp6G,Anais_Rixon3139@cispeto.com,4,1/15/2010,0,FALSE,5/3/2022,0
90,Doug Saunders,"Buttonwood Vale, 5638",4-282-735-0202,mXvw54k4KC,Doug_Saunders1335@deons.tech,0,6/20/1987,0,FALSE,8/29/2022,1
91,Mike Anderson,"Baylis  Lane, 3269",4-351-533-4510,9a8gWN26vC,Mike_Anderson4622@bungar.biz,4,12/4/2001,0,FALSE,9/25/2022,2
92,Carina Hopkins,"Ellerman   Avenue, 9520",5-858-442-8505,aSHSEZ3j8p,Carina_Hopkins1242@nanoff.biz,4,4/15/1998,1,FALSE,11/14/2022,2
93,Tony Rowan,"Boleyn  Vale, 1084",3-662-313-5252,oVfRgs5aJN,Tony_Rowan4002@vetan.org,5,4/16/1984,2,FALSE,6/12/2022,2
94,Daniel Simmons,"Thoresby   Street, 3711",0-647-418-8653,8hA3BI68KI,Daniel_Simmons681@mafthy.com,0,12/14/1989,2,FALSE,5/26/2022,0
95,Rufus Tanner,"Chart   Street, 1249",2-153-618-6547,d7CO5GZYrN,Rufus_Tanner924@bungar.biz,2,1/31/1996,2,FALSE,6/12/2022,2
96,Matt Partridge,"Birkbeck  Route, 1797",8-124-557-6713,bbh3MLP3H7,Matt_Partridge4417@qater.org,1,10/20/1987,0,FALSE,8/23/2022,1
97,Ember Whinter,"Hickory Lane Walk, 8693",7-555-867-1867,MTQOcVHGG1,Ember_Whinter7221@womeona.net,4,7/22/2008,2,FALSE,8/9/2022,0
98,Christine Whinter,"Parkfields Street, 6039",5-514-325-6826,pXpAEBC5eU,Christine_Whinter6441@elnee.tech,0,3/28/1984,2,FALSE,10/13/2022,2
99,Quinn Pearson,"Cavell   Street, 4736",8-523-162-7023,uRsR7KFMQh,Quinn_Pearson2834@typill.biz,1,11/11/2003,0,FALSE,9/2/2022,0
100,Mason Gordon,"Canon Lane, 5299",7-826-487-1240,d175n0Evn9,Mason_Gordon4603@muall.tech,1,5/22/2009,0,FALSE,9/12/2022,1
101,Ilona Vallins,"Black Friars   Pass, 7184",6-455-500-7487,VPPhUPA5C9,Ilona_Vallins175@famism.biz,4,11/29/2020,1,FALSE,10/3/2022,1
102,Chad Tyler,"Rosewood Rue, 7136",3-021-718-8113,9NptqeCppw,Chad_Tyler8844@acrit.org,1,9/9/1985,0,FALSE,9/3/2022,1
103,Vicky Ramsey,"Aspen Walk, 7713",0-203-754-6228,wU96ctF4pN,Vicky_Ramsey7072@muall.tech,0,12/31/2002,2,FALSE,12/26/2022,1
104,Peter Tindall,"Chatsworth  Route, 6526",5-270-168-3221,m6IiVoBsrB,Peter_Tindall4684@deavo.com,3,10/6/1984,1,FALSE,10/3/2022,2
105,Daniel Wilcox,"Canning  Lane, 8930",2-266-636-0327,xSonKkYvxL,Daniel_Wilcox4767@extex.org,5,10/15/2001,0,FALSE,9/4/2022,0
106,Lily Garcia,"Elia   Walk, 9178",5-401-573-0572,b0HrwQ6HQc,Lily_Garcia202@infotech44.tech,4,8/23/2008,0,FALSE,8/18/2022,0
107,Anne Chappell,"Wadham  Vale, 7667",8-702-201-8164,w0hblfYX2I,Anne_Chappell9477@zorer.org,5,3/6/1991,2,FALSE,8/4/2022,0
108,Martin Adams,"Glenwood Route, 6654",5-634-356-0351,AeRmC8T1mN,Martin_Adams1868@fuliss.net,0,9/7/1984,0,FALSE,10/4/2022,0
109,Chelsea Morgan,"Buttonwood Route, 7478",8-753-737-4616,o0ubYrPPPo,Chelsea_Morgan2749@sheye.org,4,5/7/2018,2,FALSE,8/23/2022,0
110,Phoebe Stark,"Durham Boulevard, 8913",2-460-188-2286,UFHFoCCcWZ,Phoebe_Stark945@womeona.net,3,5/5/2009,0,FALSE,11/17/2022,0
111,Chester Donnelly,"Spruce Grove, 9328",4-640-414-7003,gK8eJ7NSHR,Chester_Donnelly2212@gembat.biz,1,7/25/1974,0,FALSE,6/4/2022,2
112,Kamila Saunders,"Fairfield  Road, 6144",4-860-528-8771,SZToOeS80s,Kamila_Saunders8180@nimogy.biz,0,8/28/2016,0,FALSE,9/17/2022,1
113,Chadwick Young,"Balham   Hill, 7965",6-472-678-2761,ReM3pOnIlX,Chadwick_Young2640@zorer.org,0,9/8/1984,2,FALSE,10/26/2022,1
114,Analise Bishop,"Jackson Boulevard, 526",1-563-528-8781,1D6acmw9Bs,Analise_Bishop1686@vetan.org,4,6/6/2019,0,FALSE,10/20/2022,1
115,Beatrice Palmer,"Andsell    Avenue, 9919",6-186-172-7655,LaTV99Mbst,Beatrice_Palmer6876@guentu.biz,0,3/9/1983,1,FALSE,12/24/2022,1
116,Benny Bullock,"Monroe Grove, 700",5-643-043-8646,SDvQBPzd0T,Benny_Bullock2525@twipet.com,0,5/20/2005,0,FALSE,11/2/2022,2
117,Anthony Tailor,"Wager   Road, 7213",8-520-860-4622,YajuYeculo,Anthony_Tailor9749@infotech44.tech,6,12/13/2006,2,FALSE,12/4/2022,0
118,Sydney Owen,"Balfe   Street, 17",3-266-436-1554,qsbD6kRTOJ,Sydney_Owen3995@hourpy.biz,3,4/8/1990,1,FALSE,8/5/2022,1
119,Ada Squire,"Blenkarne  Avenue, 3381",8-200-710-3681,s6709ePV6v,Ada_Squire9953@gompie.com,4,1/6/1984,0,FALSE,10/6/2022,2
120,Susan Russel,"Camera  Way, 1815",4-285-762-2827,C3ij9ubvmw,Susan_Russel826@twace.org,6,1/5/1988,2,FALSE,10/7/2022,0
121,Evie Dann,"Cable    Walk, 5865",8-100-753-2320,3B8YXIBSAv,Evie_Dann3436@vetan.org,6,10/20/1999,0,FALSE,12/28/2022,1
122,Caydence Dann,"Chestnut  Alley, 7345",3-543-865-6603,8mwyjfMasN,Caydence_Dann7014@nanoff.biz,2,3/2/1984,0,FALSE,8/2/2022,2
123,David Rigg,"Linden Drive, 8108",4-688-601-7311,yqVfpeMKqf,David_Rigg8201@supunk.biz,0,10/29/2006,0,FALSE,11/8/2022,0
124,Clint Eddison,"Coley  Rue, 2577",0-341-552-5085,l9QSpT6RS9,Clint_Eddison1456@brety.org,4,3/15/1987,0,FALSE,12/18/2022,1
125,Leah Isaac,"Clerkenwell Grove, 1309",0-301-013-8241,w3XQ3nz0tA,Leah_Isaac2711@irrepsy.com,0,11/21/1970,1,FALSE,7/20/2022,2
126,Benny Johnson,"Blomfield  Hill, 1461",4-565-713-1564,gXtHv66JxG,Benny_Johnson2562@acrit.org,1,9/3/1981,0,FALSE,11/2/2022,1
127,Isabel Oswald,"Chester      Tunnel, 8482",8-838-576-6045,MZtCONiVp1,Isabel_Oswald6648@famism.biz,6,8/7/2020,1,FALSE,6/25/2022,2
128,Javier Allwood,"Bocking   Hill, 4116",3-565-055-4501,9il9O3e6Kj,Javier_Allwood301@jiman.org,2,1/31/1984,2,FALSE,8/9/2022,0
129,Joyce Bishop,"Udall   Crossroad, 4118",7-604-424-0262,UfWzWRVUeA,Joyce_Bishop5241@deavo.com,5,3/16/2002,1,FALSE,7/5/2022,0
130,Josh Robe,"Caslon   Lane, 270",0-471-502-5080,mGXZS8PzBQ,Josh_Robe8530@deavo.com,4,4/29/1991,0,FALSE,7/30/2022,0
131,Rufus Thompson,"Comet House  Street, 5327",1-343-653-2108,u92vPxKuvX,Rufus_Thompson2868@iatim.tech,1,9/13/1997,2,FALSE,9/16/2022,0
132,Jolene Middleton,"Apostle  Drive, 7549",4-478-054-5416,iyZJ2rX4Hd,Jolene_Middleton5663@liret.org,1,2/27/1996,0,FALSE,12/12/2022,1
133,Vicky Overson,"Longman   Alley, 9047",0-527-105-5182,6W0R4Pnbi7,Vicky_Overson7629@womeona.net,5,11/26/1980,0,FALSE,8/19/2022,0
134,Denis Middleton,"Chapel  Road, 4954",7-050-581-3635,wPh7UFgo8n,Denis_Middleton7858@grannar.com,6,5/17/1997,2,FALSE,9/19/2022,2
135,Eduardo Clifford,"Andsell    Vale, 2352",0-016-566-6066,ysD0FcrgXS,Eduardo_Clifford7939@cispeto.com,1,7/2/2012,2,FALSE,6/1/2022,2
136,Benjamin Bristow,"Chancellor  Tunnel, 8563",4-821-661-4054,f7u6Pfz41d,Benjamin_Bristow4392@qater.org,0,5/6/1999,0,FALSE,8/11/2022,1
137,Ada Weasley,"Meadow Way, 436",5-612-455-5461,z4XXCGRjgW,Ada_Weasley8796@joiniaa.com,6,1/31/1979,2,FALSE,11/3/2022,2
138,Erick Ianson,"Carlton  Avenue, 9325",4-673-156-0272,MxFqsQWGsk,Erick_Ianson3422@typill.biz,6,8/22/2018,0,FALSE,11/16/2022,0
139,Oliver Latham,"York Pass, 5912",0-808-353-1144,1ewVK76eH8,Oliver_Latham6896@ovock.tech,4,4/14/1972,0,FALSE,10/6/2022,1
140,Rick Hamilton,"Bush  Avenue, 3730",5-475-080-8275,HdmlZAU6oI,Rick_Hamilton1892@dionrab.com,0,1/6/2017,0,FALSE,11/23/2022,1
141,Kassandra Ingram,"Chalcot  Way, 818",6-372-347-8815,92zPcXupxs,Kassandra_Ingram437@hourpy.biz,3,10/25/2021,0,FALSE,9/18/2022,1
142,Danny Morley,"Howard Rue, 3783",4-208-172-5701,Es0WokSP40,Danny_Morley4435@qater.org,5,8/3/2003,2,FALSE,5/30/2022,2
143,Camellia Ward,"Queen Grove, 1430",2-041-848-7420,CkvhAYQSKg,Camellia_Ward2467@bauros.biz,2,9/16/2016,1,FALSE,10/17/2022,0
144,Samara Alcroft,"Champion  Crossroad, 1423",0-445-308-2630,qkPlATIOTf,Samara_Alcroft4909@acrit.org,4,3/4/2002,0,FALSE,5/10/2022,2
145,Deborah Thorne,"Blean   Lane, 8181",6-651-700-5454,yeinjI36B3,Deborah_Thorne4539@tonsy.org,0,6/4/1986,0,FALSE,7/7/2022,1
146,Logan Sloan,"Meadow Walk, 6072",2-504-211-7448,0N25NeoyXs,Logan_Sloan6795@irrepsy.com,6,2/8/1989,2,FALSE,10/27/2022,1
147,Bryon Hopkinson,"Kilner   Pass, 982",2-485-538-3432,LYb3mFEG7n,Bryon_Hopkinson1022@bungar.biz,4,3/21/2012,0,FALSE,11/2/2022,1
148,Harmony Whitmore,"Durweston   Tunnel, 9320",3-254-454-5402,XlvdIgNwno,Harmony_Whitmore361@gembat.biz,6,6/5/2005,0,FALSE,11/23/2022,0
149,Alma Blackwall,"Archery  Street, 2499",4-130-231-1286,iFoQWBpx8S,Alma_Blackwall8542@bretoux.com,5,9/20/1983,0,FALSE,9/28/2022,1
150,Erica Fisher,"Yorkshire  Hill, 2977",3-132-821-1813,1pN7mzlwRw,Erica_Fisher7463@bungar.biz,1,12/3/1989,1,FALSE,11/2/2022,1
151,Hank Hogg,"Rosewood Lane, 9697",8-440-663-7546,9XSfmLO5Pv,Hank_Hogg5686@muall.tech,1,3/31/1992,1,FALSE,6/15/2022,0
152,Aisha Ventura,"Kimberley  Avenue, 6238",2-688-064-7888,MEpMWyXlL8,Aisha_Ventura2314@tonsy.org,5,4/5/1988,2,FALSE,8/4/2022,2
153,William Hancock,"Longman   Alley, 6585",0-815-786-0504,0SToBgJlOc,William_Hancock8965@hourpy.biz,5,6/17/2001,1,FALSE,10/31/2022,0
154,Ramon Quinnell,"Dyott   Road, 3724",0-288-548-3584,cFyLIJYAEf,Ramon_Quinnell9934@gmail.com,2,12/24/1982,0,FALSE,12/26/2022,1
155,Camden Preston,"Kimberley  Vale, 556",6-006-620-4607,ni61F4iqPB,Camden_Preston6463@jiman.org,6,2/19/1970,1,FALSE,6/24/2022,2
156,Elise Hilton,"Belfort  Pass, 9469",3-051-733-1302,WM2CDvGqH8,Elise_Hilton1587@hourpy.biz,5,8/26/2010,1,FALSE,6/19/2022,2
157,Kieth Hamilton,"Enderby   Vale, 6635",1-145-670-3826,w9n8OM0XR7,Kieth_Hamilton7873@mafthy.com,6,11/25/2014,0,FALSE,5/3/2022,2
158,Logan Aldridge,"Bazely   Road, 9215",4-862-632-1657,Ms1rXigupR,Logan_Aldridge5855@supunk.biz,6,12/25/1985,2,FALSE,9/15/2022,0
159,Ellen Wright,"Longmoore   Tunnel, 4379",7-363-278-0252,JeXn5lx7ok,Ellen_Wright2572@irrepsy.com,4,10/11/1973,0,FALSE,7/4/2022,2
160,Kimberly Mould,"Linda Lane Way, 5061",0-650-834-3773,SXn0i6FSaY,Kimberly_Mould6895@extex.org,4,10/31/1986,1,FALSE,5/9/2022,0
161,Juliet Higgs,"Anns  Rue, 6544",3-832-387-5428,xsMHZuEv1f,Juliet_Higgs3044@guentu.biz,0,4/10/2012,0,FALSE,12/21/2022,2
162,Taylor Page ,"Collent   Tunnel, 3625",1-262-727-8210,glzJCFXbjz,Taylor_Page 9011@cispeto.com,3,5/11/1987,0,FALSE,6/5/2022,2
163,Ethan Mason,"Victoria  Street, 5757",7-158-738-4402,2RphSzO3fy,Ethan_Mason8224@hourpy.biz,4,3/18/2022,0,FALSE,8/19/2022,0
164,Evelynn Redfern,"Comet House  Hill, 8989",3-750-326-1733,VvqvDV86yt,Evelynn_Redfern7490@gmail.com,3,2/26/2000,2,FALSE,12/30/2022,0
165,Eduardo Ebden,"Spruce Street, 7264",3-427-505-4052,TmwKofDgek,Eduardo_Ebden3153@tonsy.org,6,6/6/1989,1,FALSE,11/15/2022,0
166,Maxwell Sanchez,"Clifton  Crossroad, 4760",2-123-565-7743,LLtIBVUaiY,Maxwell_Sanchez8888@bungar.biz,1,8/2/2012,0,FALSE,6/27/2022,2
167,Jack Chester,"South Grove, 6878",3-781-353-0037,FJTEWOCg1H,Jack_Chester2529@grannar.com,6,3/29/1981,1,FALSE,5/8/2022,0
168,Ryan Wilkinson,"Chandos  Crossroad, 1844",2-527-117-7871,7UjjKQE44n,Ryan_Wilkinson2965@cispeto.com,2,1/1/1991,0,FALSE,8/6/2022,2
169,Benny Sawyer,"Bendall   Pass, 641",6-115-401-3182,236i7C5dv8,Benny_Sawyer3686@nickia.com,3,7/5/1995,2,FALSE,6/27/2022,2
170,Rufus Briggs,"Chester      Crossroad, 3306",1-722-144-2754,AL8FVcqHsS,Rufus_Briggs1627@gmail.com,1,5/1/2007,2,FALSE,11/18/2022,1
171,Carl Ellery,"Blackheath   Tunnel, 9736",2-412-423-3670,cwJCCcFge7,Carl_Ellery4920@corti.com,5,8/8/2012,1,FALSE,6/23/2022,0
172,Raquel Bishop,"Ellerslie Rue, 4837",2-128-033-8145,C3wAuDcfGR,Raquel_Bishop3773@bungar.biz,5,2/18/2003,2,FALSE,5/22/2022,2
173,Enoch Craig,"Carnegie   Pass, 4515",0-088-211-5166,eiiM4QeQAS,Enoch_Craig7112@gembat.biz,5,8/4/1991,1,FALSE,9/11/2022,2
174,Sharon Zaoui,"Rosewood Avenue, 4542",7-448-557-7724,sUsJT0FfDi,Sharon_Zaoui3019@yahoo.com,6,4/14/1979,1,FALSE,8/20/2022,2
175,Denis Johnson,"Virginia Tunnel, 8208",3-702-671-0863,Xea3iakwWz,Denis_Johnson3513@acrit.org,5,5/26/2013,1,FALSE,5/27/2022,0
176,Amy Lewis,"Betton  Street, 3451",0-656-506-5853,md29CaKdcI,Amy_Lewis5988@irrepsy.com,4,8/21/2003,2,FALSE,7/2/2022,2
177,Maddison Bingham,"Clere  Street, 7478",4-058-841-8653,IPtNfQAF2i,Maddison_Bingham9703@hourpy.biz,5,8/4/1988,1,FALSE,7/12/2022,1
178,Ember Howard,"Birkenhead   Rue, 1471",5-501-714-5267,tgUMgR1kMR,Ember_Howard928@ubusive.com,5,5/8/1986,2,FALSE,9/8/2022,2
179,Ramon Lane,"Beatty  Drive, 2332",2-477-052-5436,H5f1hOR0N6,Ramon_Lane9325@zorer.org,0,5/13/1981,0,FALSE,10/5/2022,2
180,Mandy Blackburn,"Angela   Pass, 7540",2-483-337-7066,lzvRTpvoAI,Mandy_Blackburn6806@womeona.net,2,11/20/2010,1,FALSE,7/2/2022,0
181,Christine Archer,"English   Way, 7993",2-543-407-0050,fxtmlBqjTK,Christine_Archer2479@jiman.org,6,3/28/1993,2,FALSE,7/31/2022,1
182,Caleb Shaw,"Coal Wharf  Crossroad, 7365",3-148-068-7423,P6Sn9Vh6e9,Caleb_Shaw473@jiman.org,1,4/5/1984,2,FALSE,8/13/2022,0
183,Ronald Warden,"Fairview Lane, 6989",8-224-411-7261,nMXuS3UmHY,Ronald_Warden525@qater.org,2,3/30/2017,0,FALSE,7/1/2022,2
184,Angelina Gonzales,"Camden  Rue, 1543",6-461-875-3051,auxS5Y3k9p,Angelina_Gonzales829@grannar.com,4,12/4/1996,2,FALSE,9/5/2022,2
185,Iris Watt,"Mariner  Grove, 1177",7-005-472-7853,2Kpdo4Gqsv,Iris_Watt7063@grannar.com,0,7/3/1977,1,FALSE,9/21/2022,0
186,Carmella Russell,"Gatonby   Alley, 6820",8-102-558-8860,P8tVIc5gfE,Carmella_Russell9566@supunk.biz,4,3/5/2021,1,FALSE,9/22/2022,0
187,Gemma Powell,"Canon Grove, 4979",0-726-336-6101,HWkmByaUBN,Gemma_Powell2522@irrepsy.com,1,10/26/1976,0,FALSE,8/17/2022,1
188,Anabel Barclay,"Chesterfield  Tunnel, 6391",7-654-546-3366,Q3ZRxUGjWF,Anabel_Barclay7879@deavo.com,2,11/6/1999,0,FALSE,7/23/2022,0
189,Rufus Sylvester,"Canal  Hill, 6640",2-752-012-0658,jH3hEAP5mz,Rufus_Sylvester3298@jiman.org,0,6/14/1989,0,FALSE,5/29/2022,0
190,Leroy Norman,"Arbutus   Tunnel, 3987",5-554-360-2104,aB6z8jh4bE,Leroy_Norman1289@hourpy.biz,6,7/3/1998,2,FALSE,11/29/2022,2
191,Quinn Benfield,"Black Swan  Rue, 6068",5-701-263-5006,oezTgtn5xs,Quinn_Benfield8057@kideod.biz,6,10/14/1981,2,FALSE,7/1/2022,2
192,Brad Niles,"Unwin  Rue, 8604",2-417-510-1144,G103xWL5YN,Brad_Niles8623@mafthy.com,3,4/25/2012,2,FALSE,8/16/2022,0
193,Fiona Trent,"Cardinal Tunnel, 37",7-224-018-0308,3uQnW2m8rc,Fiona_Trent9094@atink.com,1,3/28/1970,0,FALSE,5/30/2022,0
194,Noah Stanton,"Cavell   Avenue, 6562",0-668-142-6313,Dqih2JGgiA,Noah_Stanton1021@bauros.biz,5,9/26/2018,2,FALSE,11/7/2022,0
195,Mya Seymour,"Clerkenwell Road, 4596",1-430-200-3366,dh5n48AA6j,Mya_Seymour4829@fuliss.net,4,6/11/1992,2,FALSE,10/30/2022,0
196,Benny Roscoe,"Castlereagh   Grove, 8652",1-548-822-1676,HND2qapnuJ,Benny_Roscoe6572@cispeto.com,3,2/1/2021,1,FALSE,6/11/2022,2
197,Rosalee Rust,"King Pass, 1278",2-660-056-0161,ECrsfE37K5,Rosalee_Rust7989@muall.tech,4,3/31/2002,0,FALSE,10/6/2022,0
198,Ivette Exton,"Bocking   Avenue, 3538",0-327-802-7328,IGiMdDFcmD,Ivette_Exton6335@bauros.biz,2,11/11/1972,0,FALSE,9/11/2022,0
199,Ruth Lomax,"Bempton   Rue, 5138",1-650-842-3203,291Scl8wL8,Ruth_Lomax7101@iatim.tech,0,4/15/2007,1,FALSE,12/21/2022,2
200,Nate Cobb,"Betton  Boulevard, 5331",4-622-865-5258,hBchfFgToy,Nate_Cobb7521@guentu.biz,4,3/12/1972,1,FALSE,8/28/2022,0
