ID,Name,Address,Phone,WeChat,Email,Profession,Birth,Risk,hasDDL,Deadline,Treatment
1,Barry Simpson,"Monroe Pass, 3974",5-687-831-7354,IgAeXQZvLw,Barry_Simpson1075@extex.org,4,11/15/2002,2,FALSE,5/5/2022,0
2,Shay Mcleod,"Bury  Drive, 4661",5-817-366-2388,dpilctRMaT,Shay_Mcleod9647@sveldo.biz,3,8/18/2003,2,FALSE,12/18/2022,1
3,Susan Howard,"Biggerstaff   Boulevard, 8688",7-877-845-6863,JJhJp0rKC4,Susan_Howard7339@elnee.tech,0,1/1/1970,2,TRUE,8/28/2022,2
4,Phoebe Khan,"Calshot   Grove, 1096",6-000-776-8178,QBR7Gdtw6e,Phoebe_Khan1968@brety.org,1,6/5/1983,2,FALSE,8/31/2022,0
5,Erick Reese,"West Vale, 1992",2-111-614-6348,ahemiXywAm,Erick_Reese9228@ovock.tech,2,9/28/1989,2,TRUE,7/30/2022,0
6,Bryon Mcgee,"Clere  Route, 385",3-444-708-6363,4lKjXNytSM,Bryon_Mcgee5566@nimogy.biz,1,10/4/1976,2,FALSE,9/17/2022,1
7,Tony Reading,"Bolton  Way, 3009",4-242-644-3021,K2H0xwNT6N,Tony_Reading148@bulaffy.com,1,8/3/1978,1,TRUE,12/6/2022,0
8,Helen Chadwick,"Thorndike   Avenue, 6702",3-485-137-2873,PKpEfWYFC7,Helen_Chadwick6209@zorer.org,4,9/27/1989,1,FALSE,11/7/2022,1
9,Mavis Nicolas,"Buttonwood Drive, 7638",7-186-054-4325,nVcrvjWMvb,Mavis_Nicolas4228@ovock.tech,0,1/26/1973,0,TRUE,8/13/2022,0
10,Emerald Flynn,"Biggerstaff   Avenue, 7302",7-300-218-2871,rINUYO6mEH,Emerald_Flynn257@elnee.tech,0,12/23/2013,0,FALSE,5/22/2022,2
11,Gabriel Russel,"Blackall   Rue, 9109",0-252-167-1074,tiZmz8COv5,Gabriel_Russel9803@yahoo.com,0,6/1/2006,0,FALSE,5/13/2022,0
12,Denis Weatcroft,"Chicksand  Lane, 1181",6-003-337-4700,So49BPjmT3,Denis_Weatcroft2053@zorer.org,4,3/31/2011,1,FALSE,8/2/2022,1
13,Kirsten Beal,"Cobden  Hill, 3448",8-372-266-3605,1emNdKTlP2,Kirsten_Beal9757@twace.org,0,2/7/2006,2,FALSE,5/15/2022,0
14,Adeline Franks,"Cockspur  Grove, 333",4-112-143-4856,oCUdANuiEj,Adeline_Franks1534@womeona.net,4,2/7/2021,0,TRUE,5/23/2022,2
15,Lauren Yarwood,"Edwin   Lane, 1767",7-651-335-5722,nEXcTlfUKn,Lauren_Yarwood1611@nanoff.biz,1,10/13/1997,1,TRUE,6/7/2022,1
16,Manuel Morris,"Cato   Street, 5760",3-138-344-4041,WfuhogbpOl,Manuel_Morris834@sveldo.biz,0,12/28/1977,0,FALSE,11/16/2022,2
17,Tyson Oakley,"Elizabeth  Crossroad, 737",6-230-577-0752,Dp98WGU0ao,Tyson_Oakley7543@gmail.com,3,6/4/2003,0,TRUE,12/4/2022,2
18,Sloane Haines,"Maple Grove, 3530",0-674-265-2632,aUaZ752cvt,Sloane_Haines1237@dionrab.com,5,6/5/2007,1,TRUE,10/6/2022,0
19,Tom Sheldon,"Thomas Doyle   Street, 8803",1-785-740-1153,yhqm5nIwSR,Tom_Sheldon5509@typill.biz,0,8/12/2007,0,FALSE,5/18/2022,1
20,Tom Tailor,"Camelot   Lane, 2473",8-288-275-1742,tF4lp725k4,Tom_Tailor1730@sveldo.biz,4,8/4/1995,0,TRUE,11/7/2022,1
21,Nancy Greenwood,"Fairholt   Walk, 8874",5-385-128-6878,PfUUwNLaAq,Nancy_Greenwood6055@famism.biz,1,6/6/2005,1,FALSE,5/4/2022,1
22,Diane Norman,"Bagford   Hill, 1594",2-382-646-7146,ddwMCTw4Cx,Diane_Norman4291@tonsy.org,2,1/25/2015,1,TRUE,9/22/2022,0
23,Emery Fleming,"Tiptree   Avenue, 1501",3-520-845-2782,ZlfW3LnZvW,Emery_Fleming2371@corti.com,3,11/25/2019,0,TRUE,8/8/2022,1
24,Rylee Forth,"Wakley   Grove, 3254",3-754-410-0861,8WswKJ3E2q,Rylee_Forth3626@tonsy.org,6,9/19/1996,2,FALSE,11/13/2022,1
25,Rufus Cadman,"Heritage Lane, 7693",8-623-731-5848,MFhn8pq70E,Rufus_Cadman2601@liret.org,4,5/5/2020,0,TRUE,9/14/2022,2
26,Eduardo Cox,"Amwell    Vale, 852",4-473-158-6337,5ECroglXro,Eduardo_Cox8905@jiman.org,4,8/11/2017,1,FALSE,12/13/2022,0
27,Caleb Warner,"Chancellor  Avenue, 3599",1-077-350-8523,cccamQKeVY,Caleb_Warner1506@sveldo.biz,5,10/1/1996,2,FALSE,7/5/2022,0
28,Keira Nurton,"Rivervalley Tunnel, 2776",7-212-243-0462,NUJ799HVZO,Keira_Nurton8730@eirey.tech,3,1/24/1972,2,TRUE,9/18/2022,1
29,Tony Morrison,"Howard Grove, 399",5-368-803-8055,5D1C4AuNjH,Tony_Morrison9178@atink.com,4,2/27/1978,1,TRUE,5/7/2022,0
30,Josh Rodwell,"Cleaver Avenue, 9964",3-333-257-0151,Nm25uLJygs,Josh_Rodwell2660@acrit.org,1,4/3/1998,0,FALSE,11/10/2022,2
31,Carina Buckley,"Bush  Boulevard, 5015",5-288-674-7386,7dARFDKxzZ,Carina_Buckley528@bungar.biz,0,8/29/2014,1,FALSE,6/21/2022,0
32,Tyson Henderson,"Marischal  Avenue, 7340",8-431-472-1815,XBfFhW5FTy,Tyson_Henderson1474@twace.org,1,1/12/2011,0,TRUE,10/31/2022,0
33,Davina Phillips,"Fairbairn  Hill, 284",1-734-573-2130,ZUL5vTMUIq,Davina_Phillips905@twace.org,0,10/2/1989,1,TRUE,11/24/2022,1
34,Gabriel Notman,"Dunton  Way, 9443",8-786-732-4115,ddZVCoVJiH,Gabriel_Notman3984@brety.org,0,2/14/1998,0,FALSE,5/13/2022,1
35,Liam Fall,"Monroe Boulevard, 329",6-274-430-8613,WbByjF1JST,Liam_Fall559@irrepsy.com,1,1/18/1975,0,FALSE,12/7/2022,2
36,Michaela Price,"Babmaes    Way, 1664",3-047-462-5557,QRAsnwjVif,Michaela_Price129@brety.org,1,3/13/1982,0,TRUE,12/29/2022,1
37,Zara Freeburn,"Victorian  Rue, 4157",5-245-658-0320,A5BoYURnXV,Zara_Freeburn9398@kideod.biz,4,4/5/2001,0,FALSE,5/30/2022,2
38,Fiona Owen,"King Hill, 6012",1-288-787-2248,O8TEsz3Dqn,Fiona_Owen6392@bungar.biz,6,4/19/1976,0,FALSE,12/4/2022,2
39,Moira Moore,"Clyde Pass, 6091",1-685-471-5713,lB37jV8x71,Moira_Moore8626@sveldo.biz,6,7/7/2002,0,FALSE,10/20/2022,0
40,Leslie Trent,"Bel   Route, 2329",6-518-022-7056,CtwuQnD72W,Leslie_Trent2638@joiniaa.com,6,4/5/1994,1,TRUE,12/7/2022,2
41,Adalind Parker,"Carpenter Lane, 3303",3-674-255-3622,lXg2aIQf50,Adalind_Parker6705@irrepsy.com,6,5/7/2006,1,FALSE,9/8/2022,2
42,Mary Richards,"Thomas Doyle   Hill, 7976",4-070-725-0671,cn7euQ30jM,Mary_Richards3865@qater.org,1,10/24/2009,0,FALSE,5/12/2022,2
43,Abdul Gallacher,"Arbutus   Vale, 4064",0-346-207-1163,dB9lJOmRE0,Abdul_Gallacher8662@infotech44.tech,3,5/24/2011,1,FALSE,12/18/2022,2
44,Enoch Hilton,"Blean   Drive, 6863",8-253-852-6024,LIEiOcE2ZT,Enoch_Hilton9100@iatim.tech,3,6/8/2009,1,FALSE,7/2/2022,1
45,Danielle Hale,"Dunton  Hill, 2273",5-072-166-6822,zSiX9kKmXz,Danielle_Hale6743@tonsy.org,1,7/23/2021,2,TRUE,12/21/2022,2
46,Jessica Webster,"Beaumont  Tunnel, 9861",7-062-436-0210,G9JY71iVrO,Jessica_Webster1871@sheye.org,6,12/3/1984,2,TRUE,12/10/2022,0
47,Abdul Parker,"Cliff  Walk, 5534",6-326-877-3273,g7hukRt8BI,Abdul_Parker1186@bretoux.com,0,1/28/1984,1,TRUE,12/23/2022,2
48,Harriet Faulkner,"Bolingbroke  Alley, 4263",5-838-632-3704,P7valHMbJp,Harriet_Faulkner5124@typill.biz,4,4/27/2014,1,FALSE,10/23/2022,0
49,Maxwell Upsdell,"Glenwood Route, 8781",3-744-168-8336,qm4uFHvHOm,Maxwell_Upsdell1496@naiker.biz,6,3/6/1985,1,FALSE,11/30/2022,1
50,Kimberly Quinnell,"Cam  Grove, 1332",4-671-205-6730,7OLPRAhP4I,Kimberly_Quinnell5660@nickia.com,0,8/2/1995,0,FALSE,5/13/2022,2
51,Hayden Devonport,"Carlton  Rue, 2571",5-750-184-5237,fAhA6GpsUI,Hayden_Devonport5256@gompie.com,6,10/24/1984,1,FALSE,12/14/2022,1
52,Daron Adams,"Cardinal Drive, 5814",3-266-047-7876,q1VHIPrs6Q,Daron_Adams2674@atink.com,6,6/18/1996,0,TRUE,12/25/2022,0
53,Felicity Potter,"Bempton   Crossroad, 7333",3-726-525-4710,Q6CTIIzPm3,Felicity_Potter8285@corti.com,1,1/16/2012,1,TRUE,7/29/2022,2
54,Jasmine Powell,"Hickory Lane Tunnel, 2551",7-111-564-5776,6jOzhX91TP,Jasmine_Powell8453@deons.tech,4,12/14/2008,1,FALSE,6/4/2022,1
55,Matthew Stevens,"Bloomsbury  Way, 903",7-385-537-5100,9m8AAEhaCR,Matthew_Stevens5505@nanoff.biz,6,8/24/2004,1,FALSE,11/25/2022,1
56,Vicky Widdows,"Fairfield  Road, 3142",6-773-810-5876,I2kyPKA6gC,Vicky_Widdows2982@twace.org,0,5/30/1979,1,TRUE,5/15/2022,1
57,Ivette Bowen,"Cave   Drive, 5081",0-756-361-7826,5gfQartP8h,Ivette_Bowen1908@sveldo.biz,6,8/29/2007,0,TRUE,9/2/2022,1
58,Wade Connor,"Thurloe   Rue, 4709",6-771-310-0776,AeA8zrs7UF,Wade_Connor4307@cispeto.com,4,10/25/2008,0,FALSE,10/24/2022,1
59,Adelaide Plumb,"Eldon  Avenue, 5909",8-583-548-0464,9fUXUUScGO,Adelaide_Plumb9995@fuliss.net,5,2/23/1978,2,TRUE,9/4/2022,2
60,Jamie Addison,"Enderby   Lane, 2434",3-752-466-6383,AbXV9kHOKj,Jamie_Addison2126@eirey.tech,1,2/15/1978,2,TRUE,11/13/2022,0
61,Nathan Brown,"Tilson  Tunnel, 4282",6-128-843-7038,Z1vpJlaKw7,Nathan_Brown6024@sheye.org,3,5/24/1974,1,TRUE,9/27/2022,1
62,Molly Underhill,"Bel   Tunnel, 6537",3-815-833-5456,7gfdIZyyx0,Molly_Underhill1264@gembat.biz,0,11/5/2007,0,TRUE,7/2/2022,2
63,Angelique Reading,"Ernest  Avenue, 6804",6-060-153-2328,EhcyQrF59z,Angelique_Reading3113@jiman.org,1,1/25/1988,0,FALSE,10/9/2022,1
64,Mike Hopkinson,"Coley  Crossroad, 753",5-260-216-6613,YKg0bxZqq0,Mike_Hopkinson3765@gembat.biz,6,4/29/2003,1,FALSE,11/14/2022,0
65,Rae Rossi,"Bazely   Drive, 1605",7-028-021-7258,CeJOPBxYma,Rae_Rossi3129@jiman.org,4,7/17/1986,0,FALSE,11/23/2022,2
66,Matthew Kirby,"Canon Crossroad, 3648",4-817-060-0505,yzWtdzlpQH,Matthew_Kirby8126@iatim.tech,0,1/10/2009,0,FALSE,6/11/2022,1
67,Chris Nicholls,"Bocking   Way, 5538",7-060-606-0738,ejiOtTGFmI,Chris_Nicholls565@typill.biz,1,4/10/2018,0,FALSE,7/11/2022,2
68,Ally Ellery,"Viscount   Boulevard, 7098",6-417-562-3721,FWBZtPhJ5L,Ally_Ellery9353@sheye.org,3,10/28/1975,0,TRUE,9/27/2022,2
69,Harry Hilton,"Aberavon  Hill, 2399",4-408-010-8667,kZYguwluBJ,Harry_Hilton7765@bretoux.com,4,2/21/2007,0,TRUE,11/24/2022,2
70,Boris Brooks,"Bicknell  Avenue, 9027",4-563-303-3717,RLiFvJXQq4,Boris_Brooks338@zorer.org,6,1/29/2016,2,FALSE,11/15/2022,2
71,Carrie Rust,"Aberavon  Tunnel, 6854",0-817-051-3755,hgx9ds1d0Y,Carrie_Rust8602@supunk.biz,0,7/22/1990,0,TRUE,10/27/2022,2
72,Angela Oatway,"Besson  Crossroad, 3117",3-263-124-2707,KcZSLfEdMa,Angela_Oatway7957@gmail.com,2,7/15/2016,0,TRUE,9/19/2022,1
73,Gwenyth Hall,"Maple Crossroad, 1256",2-748-656-6244,zhp3j1Wdyz,Gwenyth_Hall5361@nanoff.biz,6,1/25/1994,2,FALSE,12/29/2022,1
74,Blake Jackson,"Durnford  Way, 3238",5-656-461-2282,zhDRxomghX,Blake_Jackson4561@sheye.org,1,9/1/1993,2,FALSE,7/2/2022,0
75,David Sheldon,"Bocking   Boulevard, 7084",8-700-718-1008,r0G6K7eQgH,David_Sheldon9853@womeona.net,6,6/29/2003,2,FALSE,12/9/2022,0
76,Caleb Clarkson,"Aspen Boulevard, 2914",0-416-245-5201,YLyk8UBY8D,Caleb_Clarkson5824@jiman.org,6,9/14/1978,1,TRUE,10/26/2022,1
77,Goldie Hunt,"Chandos  Rue, 921",1-417-040-4251,aUWObNQijG,Goldie_Hunt5966@sveldo.biz,5,4/24/1984,0,TRUE,5/30/2022,1
78,Renee Mcleod,"Rivervalley Crossroad, 6539",6-878-228-6603,kPF8mXVkHP,Renee_Mcleod8267@twace.org,1,9/7/1995,1,FALSE,5/5/2022,0
79,Kendra Casey,"Clarks  Hill, 9658",0-442-442-2211,FysY31fZjO,Kendra_Casey8703@tonsy.org,0,7/6/1971,0,FALSE,11/14/2022,0
80,Stephanie Jones,"South Pass, 9584",3-763-488-6482,SwBtISZP4W,Stephanie_Jones9258@famism.biz,3,2/26/1988,1,FALSE,9/8/2022,0
81,Jack Silva,"Fawn Hill, 955",5-472-543-6884,6lzkcvPFgl,Jack_Silva7881@deons.tech,6,7/1/1992,2,TRUE,12/25/2022,1
82,Irene Nicolas,"Cheney  Crossroad, 8300",5-525-153-8766,4oBe0W8zU8,Irene_Nicolas747@guentu.biz,4,9/6/2021,1,TRUE,8/1/2022,0
83,Liv Patel,"Archery  Pass, 8447",7-540-508-7534,G6g0frroNf,Liv_Patel9343@gmail.com,1,9/11/1988,0,FALSE,7/27/2022,2
84,Chadwick Neal,"Camera  Drive, 9259",0-271-120-7332,wygV5PSt6g,Chadwick_Neal4950@bauros.biz,1,12/2/1973,0,TRUE,12/6/2022,1
85,Leroy Ross,"Belmont Park Road, 783",5-685-150-6541,TDBYhenDgZ,Leroy_Ross702@naiker.biz,6,10/29/1997,1,FALSE,11/12/2022,1
86,Denis King,"Elf  Drive, 4950",4-124-357-6256,eLeok3DHwh,Denis_King148@gmail.com,3,6/13/2008,2,TRUE,5/8/2022,0
87,John Osman,"Boldero   Hill, 9458",5-266-227-7068,c8N7fvvxQi,John_Osman4402@infotech44.tech,5,11/28/2001,1,FALSE,11/20/2022,2
88,Barry Lee,"Unwin  Street, 4343",2-230-553-3544,9dTYHV9F7b,Barry_Lee1975@bretoux.com,4,3/30/2015,0,TRUE,7/3/2022,0
89,Janice Vaughn,"Thoresby   Vale, 344",8-308-771-1707,PkQ9E6wKTl,Janice_Vaughn6342@elnee.tech,6,1/6/1982,0,FALSE,5/21/2022,1
90,Sabrina Mcnally,"Beaumont  Pass, 204",1-708-704-2383,QuzaS8KvdY,Sabrina_Mcnally486@qater.org,4,2/5/2022,0,FALSE,12/8/2022,2
91,Kurt Fleming,"Cleveland  Drive, 2290",8-163-676-0560,9hPnF7T5bk,Kurt_Fleming9693@yahoo.com,2,6/13/1970,2,FALSE,10/12/2022,1
92,Hadley Swan,"Colombo   Drive, 1713",6-384-880-7407,Tkhn6JUY7m,Hadley_Swan708@acrit.org,6,3/17/1973,2,FALSE,11/9/2022,0
93,Celina Lindsay,"Castile  Avenue, 949",5-305-737-5850,8CBhrD5bTG,Celina_Lindsay881@twace.org,0,11/13/1984,2,FALSE,12/1/2022,2
94,Alan Mitchell,"Fawn Street, 7042",6-100-374-2181,IGL9jQ9TcW,Alan_Mitchell427@naiker.biz,3,7/8/2009,2,FALSE,10/19/2022,0
95,Carolyn Powell,"Cavaye  Rue, 4701",7-658-264-5268,AatVoXoR9o,Carolyn_Powell7161@gompie.com,6,3/29/1984,1,FALSE,9/19/2022,0
96,Vivian Fulton,"Blackall   Vale, 81",7-438-367-8385,VxryJJtmeV,Vivian_Fulton1604@famism.biz,1,5/23/1978,0,FALSE,6/30/2022,2
97,Rita Emmott,"Dyott   Hill, 5771",8-385-423-5034,pQopteJyh9,Rita_Emmott2830@qater.org,4,3/18/2007,1,FALSE,11/28/2022,0
98,Helen Lowe,"Union  Crossroad, 9232",3-056-251-7535,Iv9koiT3WY,Helen_Lowe8508@extex.org,2,11/21/1999,0,FALSE,9/11/2022,0
99,Josh Hunter,"Yoakley Grove, 1387",7-882-067-1483,1gdgjGQIUF,Josh_Hunter9952@sheye.org,6,2/10/2013,2,FALSE,12/18/2022,1
100,Makena Tait,"Tiptree   Street, 8424",0-261-364-7347,bAHD2NBYi4,Makena_Tait9564@bretoux.com,5,5/18/2019,2,FALSE,10/1/2022,2
101,Drew Plant,"Comet House  Avenue, 1430",0-842-843-6651,5Wp6I8APZq,Drew_Plant7768@hourpy.biz,1,6/18/2018,2,FALSE,10/7/2022,0
102,Daniel Ripley,"Calvin   Crossroad, 4459",4-203-868-3307,NSHcOJNYdF,Daniel_Ripley7032@zorer.org,3,6/8/2019,0,FALSE,10/9/2022,2
103,Chad Reese,"Udall   Route, 2233",4-037-333-3726,PlWVzXkcWQ,Chad_Reese8532@jiman.org,2,11/25/1992,0,FALSE,8/30/2022,0
104,Alba Vince,"Battersea   Road, 5076",1-027-233-7400,I896nuCVkZ,Alba_Vince8621@atink.com,5,10/17/2012,1,FALSE,8/26/2022,2
105,Wade Lloyd,"Fairfield  Alley, 253",4-101-836-7132,TuaGU3g8OB,Wade_Lloyd9366@irrepsy.com,1,3/29/2000,2,FALSE,5/21/2022,1
106,Valerie Sloan,"Gavel   Crossroad, 4627",2-410-814-1772,BezAgu0kKv,Valerie_Sloan7076@famism.biz,3,5/10/1984,0,FALSE,8/29/2022,1
107,Michelle Bailey,"Archery  Street, 4054",2-418-307-1254,8Yoqkctt5z,Michelle_Bailey1235@hourpy.biz,6,1/16/1989,2,FALSE,11/14/2022,1
108,Nicholas Donnelly,"Ernest  Alley, 2118",2-106-444-0730,9tRjGmPkAt,Nicholas_Donnelly8232@eirey.tech,5,5/27/2011,2,FALSE,5/17/2022,0
109,Owen Leslie,"Queensberry  Avenue, 8439",7-214-475-3576,RgEdZ6R4RL,Owen_Leslie3119@bretoux.com,3,7/7/1984,1,FALSE,5/22/2022,1
110,Tyson Flynn,"Marina  Route, 9707",5-857-677-5026,tONoj9qQvd,Tyson_Flynn3513@sheye.org,4,3/22/2009,2,FALSE,10/26/2022,0
111,Elijah Sherwood,"Bocking   Walk, 4852",7-612-232-4053,9akeQM4HdQ,Elijah_Sherwood512@iatim.tech,6,3/3/1999,1,FALSE,11/24/2022,1
112,Anne Lowe,"Andsell    Grove, 3884",8-063-567-3330,xTTNxILtxj,Anne_Lowe9644@infotech44.tech,4,3/17/2007,2,FALSE,5/20/2022,0
113,Leroy Murray,"Balfe   Route, 8084",5-471-401-5505,9uoy8CDpsp,Leroy_Murray1888@nickia.com,4,3/4/1987,2,FALSE,8/18/2022,1
114,Percy Blythe,"Bush  Street, 6608",6-405-108-7841,SkoIavLyJs,Percy_Blythe6325@typill.biz,4,7/10/2004,1,FALSE,11/29/2022,0
115,Crystal Blythe,"Chestnut  Avenue, 2339",3-462-612-1763,59C6Cpd3d6,Crystal_Blythe1230@acrit.org,1,12/14/2004,1,FALSE,7/15/2022,1
116,Hadley Ward,"Bellenden  Crossroad, 5011",3-806-382-7084,nNBSNKckwu,Hadley_Ward7001@gompie.com,6,10/11/1993,0,FALSE,5/22/2022,0
117,Cassandra Rivers,"Cardinal Crossroad, 7323",6-545-363-6250,e7DutZLPor,Cassandra_Rivers8195@iatim.tech,2,12/1/2016,2,FALSE,6/2/2022,2
118,Ethan Swift,"Bective  Grove, 7760",2-515-651-5524,3ZMC56Nt8r,Ethan_Swift6082@nimogy.biz,6,8/26/1994,0,FALSE,9/13/2022,2
119,Rachael Mooney,"Chatsworth  Way, 3028",2-316-720-3702,7MeEo1KILs,Rachael_Mooney330@gompie.com,0,6/25/2009,2,FALSE,6/27/2022,0
120,Ciara Bright,"Dutton   Street, 2378",3-428-352-1362,h1ZkOzH4rC,Ciara_Bright1397@vetan.org,6,10/2/2014,2,FALSE,6/25/2022,1
121,Alan Thorne,"Carolina  Rue, 1681",7-850-560-1744,SHdLS0XFEO,Alan_Thorne4794@joiniaa.com,4,10/4/1996,2,FALSE,9/1/2022,1
122,Henry Morgan,"Comet House  Tunnel, 1607",2-183-286-4633,Vhn6Vi6hNI,Henry_Morgan999@womeona.net,3,11/4/2019,1,FALSE,10/24/2022,0
123,Leilani Norburn,"Carltoun   Boulevard, 5851",6-022-816-7744,nADBHndX9C,Leilani_Norburn3532@bulaffy.com,4,8/23/2007,2,FALSE,11/14/2022,2
124,Barney Broomfield,"Vincent  Avenue, 7962",5-050-502-0863,DqWhVIof25,Barney_Broomfield573@extex.org,6,5/26/2008,1,FALSE,7/8/2022,2
125,Tom Baxter,"Mariner   Drive, 6386",7-160-367-2318,Lwn2iHmTiB,Tom_Baxter2217@cispeto.com,6,10/19/1992,2,FALSE,9/13/2022,1
126,Raquel Gilmore,"Kimberley  Avenue, 9881",2-753-805-2677,LhalkpsoUn,Raquel_Gilmore6822@eirey.tech,5,6/24/2001,1,FALSE,6/20/2022,0
127,Barry Olson,"Berriman  Road, 3452",4-731-636-2240,nPLVjjywPj,Barry_Olson6486@brety.org,4,3/15/2001,0,FALSE,5/3/2022,1
128,Denis Lewis,"Bishop   Road, 2253",8-251-058-8865,vUww2DwkKR,Denis_Lewis5016@deons.tech,6,10/15/1993,1,FALSE,7/7/2022,2
129,John Walsh,"Geary   Hill, 268",5-123-621-8487,fd25dMwpel,John_Walsh207@womeona.net,3,1/7/1994,1,FALSE,12/2/2022,0
130,Rita Porter,"Calderwood   Alley, 2130",3-034-660-8570,N7EZmov5nP,Rita_Porter4264@gmail.com,0,11/9/1971,1,FALSE,6/23/2022,1
131,George Higgs,"Bishop   Pass, 6906",0-016-354-1184,fvd74qZaWe,George_Higgs1449@gompie.com,5,11/23/1999,2,FALSE,5/5/2022,0
132,Marvin Wright,"Liverpool  Hill, 3755",7-163-366-1427,LmYM4hVJ0G,Marvin_Wright9827@liret.org,1,5/19/2017,2,FALSE,10/4/2022,0
133,Summer Ranks,"Coal Wharf  Grove, 8551",7-306-878-5055,5etQ24dfgN,Summer_Ranks1897@bretoux.com,4,7/28/2000,2,FALSE,9/8/2022,2
134,Matthew Bishop,"Bagford   Tunnel, 757",7-842-164-0754,4n4npCWHJd,Matthew_Bishop4005@deavo.com,1,9/25/1976,2,FALSE,12/10/2022,2
135,Mara Graham,"Antrobus   Grove, 8649",2-272-356-0526,lYIldLRF9s,Mara_Graham3351@acrit.org,1,9/17/2007,0,FALSE,12/24/2022,1
136,Crystal Hunter,"Fairfield  Walk, 5026",4-844-728-0711,a9cI85hgT4,Crystal_Hunter5370@bauros.biz,2,5/25/1987,0,FALSE,11/29/2022,2
137,Dakota Rigg,"Monroe Grove, 4069",0-531-148-3172,E6fk5OMGFm,Dakota_Rigg8488@naiker.biz,2,2/6/1985,2,FALSE,6/12/2022,0
138,Sebastian Murphy,"Earl Rise Vale, 7794",6-203-176-8854,kwUwN27zvl,Sebastian_Murphy5803@corti.com,4,2/14/2007,0,FALSE,11/8/2022,2
139,Sabina Tindall,"West Tunnel, 4987",5-833-852-6203,LyXLLvTq2y,Sabina_Tindall9447@deavo.com,4,11/28/2011,0,FALSE,8/8/2022,1
140,Blake Driscoll,"Queensberry  Walk, 1290",8-142-857-6115,erZqsRti8D,Blake_Driscoll7966@sheye.org,6,2/21/2002,0,FALSE,12/29/2022,0
141,Oliver Yang,"Lake Rue, 2047",1-727-787-2532,bj0EMbjmEF,Oliver_Yang3014@elnee.tech,4,3/30/1978,1,FALSE,7/2/2022,2
142,Bristol Owen,"Magnolia Alley, 7063",0-277-240-5461,21lHyasqz4,Bristol_Owen6257@brety.org,3,8/2/1977,2,FALSE,10/19/2022,0
143,Rocco Dillon,"Parkgate  Boulevard, 6093",8-367-838-4207,vNPxegRstJ,Rocco_Dillon8302@nickia.com,4,5/27/2021,1,FALSE,7/29/2022,2
144,George Jarrett,"Kimberley  Rue, 7622",5-888-082-2142,L0kcGqE0Q9,George_Jarrett23@typill.biz,6,1/5/2005,1,FALSE,9/8/2022,0
145,Barry Hooper,"Buttonwood Avenue, 541",3-171-810-7577,2CZvjHDRJi,Barry_Hooper1643@guentu.biz,6,8/11/2019,1,FALSE,7/2/2022,1
146,Felicity Eastwood,"Emden   Drive, 4851",8-544-355-1150,waWeLQ7MSm,Felicity_Eastwood1243@supunk.biz,2,12/11/1998,1,FALSE,8/6/2022,0
147,Ramon Lewin,"Gate   Avenue, 2934",1-367-144-1265,Mco1wLH8cT,Ramon_Lewin3288@deavo.com,1,5/22/1980,0,FALSE,9/5/2022,2
148,Leroy Woods,"Collingwood  Tunnel, 836",3-186-310-4847,hWC8wobnhx,Leroy_Woods9082@famism.biz,5,4/14/1981,1,FALSE,7/29/2022,1
149,Javier Ranks,"Boleyn  Lane, 51",5-166-684-3835,95rScHJhrb,Javier_Ranks4479@extex.org,2,5/27/1974,2,FALSE,8/6/2022,1
150,Keira Goldsmith,"Apothecary   Alley, 2338",0-250-036-1550,OaNiKNYkgU,Keira_Goldsmith832@corti.com,0,3/8/2022,2,FALSE,6/30/2022,2
151,Sage Sloan,"Caxton  Boulevard, 7044",4-472-612-2063,yvi4B0eDG4,Sage_Sloan4080@supunk.biz,6,9/22/1990,1,FALSE,7/23/2022,1
152,Paula Booth,"Biggerstaff   Route, 8276",5-120-338-4352,U2MxDF83dA,Paula_Booth1502@nickia.com,4,4/26/1991,1,FALSE,11/11/2022,1
153,Madison Shaw,"Bury  Avenue, 9596",2-560-103-8086,PS3yeekmSs,Madison_Shaw1009@fuliss.net,2,8/16/2010,2,FALSE,12/2/2022,1
154,Erin Hammond,"Fawn Avenue, 4015",5-774-253-2382,ktNPNoYQfy,Erin_Hammond7725@nanoff.biz,0,11/16/1975,2,FALSE,5/17/2022,1
155,Cedrick Phillips,"Victoria Rise Road, 2212",2-826-728-2686,BV9k2otYQw,Cedrick_Phillips9943@cispeto.com,6,12/5/2016,1,FALSE,12/5/2022,0
156,Manuel Pearce,"West Tunnel, 8183",0-467-704-1562,kGubRaR2Zx,Manuel_Pearce4806@nickia.com,2,6/27/1972,2,FALSE,7/22/2022,0
157,Fiona Middleton,"Betton  Vale, 8578",7-377-120-5583,Qg1Bj1TuQY,Fiona_Middleton2158@acrit.org,6,11/7/1991,1,FALSE,12/21/2022,2
158,Faith Fisher,"Amwell    Street, 7481",4-067-206-5553,A83doB8ZJK,Faith_Fisher5434@dionrab.com,2,5/23/2021,0,FALSE,12/22/2022,0
159,Karla Kent,"Lonsdale  Hill, 3459",1-488-786-2473,mbEj47Szl6,Karla_Kent2522@twipet.com,6,7/11/2005,0,FALSE,6/2/2022,1
160,Owen Cooper,"Elizabeth  Hill, 297",8-883-135-0373,Ns9Z7O9NfC,Owen_Cooper7524@atink.com,2,2/13/2009,0,FALSE,7/21/2022,1
161,Bart Smith,"College  Walk, 3440",6-851-686-3583,k7C9NugqRG,Bart_Smith1965@zorer.org,3,8/6/1998,1,FALSE,10/9/2022,2
162,Tony Nicholls,"Aberavon  Pass, 8346",1-761-467-6732,vKePiBEpGb,Tony_Nicholls8474@famism.biz,2,12/4/1986,0,FALSE,5/9/2022,0
163,Brad Farrell,"Betton  Drive, 7962",7-608-081-6510,HRlYTwbzdY,Brad_Farrell7300@supunk.biz,6,3/18/1989,1,FALSE,5/25/2022,0
164,Ron Baldwin,"Cavaye  Tunnel, 4281",7-541-684-1474,B3fYEXJki6,Ron_Baldwin9095@supunk.biz,4,3/2/1974,0,FALSE,9/16/2022,2
165,Kurt Hale,"Badric  Street, 4488",8-674-403-5422,keqd4NyC73,Kurt_Hale1138@bulaffy.com,5,12/7/1982,2,FALSE,11/12/2022,2
166,Analise Mcguire,"Chart   Vale, 9",3-380-381-4865,cOPi1yFStP,Analise_Mcguire9242@brety.org,6,6/14/1992,0,FALSE,11/23/2022,2
167,Alessia Varndell,"Howard Boulevard, 2686",5-251-037-6563,8hZucsFnMU,Alessia_Varndell8479@supunk.biz,4,7/7/2016,2,FALSE,10/17/2022,1
168,Tom Murray,"Caroline  Crossroad, 830",2-863-777-2216,FMI5s43O0j,Tom_Murray6885@yahoo.com,3,11/20/1970,0,FALSE,5/25/2022,0
169,Christine Price,"Bond Crossroad, 122",3-475-357-5030,cW8fn5RYZp,Christine_Price3447@yahoo.com,3,1/21/1971,0,FALSE,10/4/2022,0
170,Alba Salt,"Vintners  Vale, 4125",5-537-656-2024,xlZV9cXhvv,Alba_Salt1455@gmail.com,3,7/17/2011,1,FALSE,11/21/2022,1
171,Dasha Dobson,"Epworth  Pass, 3781",7-550-073-5745,a5WnfMzApP,Dasha_Dobson6300@typill.biz,4,5/25/1990,1,FALSE,5/13/2022,0
172,Elijah Robinson,"Duthie   Avenue, 9523",6-628-734-7227,GNEHMu8nCM,Elijah_Robinson7135@extex.org,4,9/17/1994,1,FALSE,12/18/2022,2
173,Caleb Gray,"Apsley    Walk, 9791",4-723-380-5064,krduDunddm,Caleb_Gray7492@gmail.com,6,8/12/1985,0,FALSE,11/20/2022,1
174,Summer Bright,"Castle Tunnel, 5286",3-166-831-7277,uYSVudYHUK,Summer_Bright8661@joiniaa.com,3,12/5/2015,2,FALSE,9/30/2022,1
175,Chelsea Jacobs,"Chatfield  Lane, 9362",7-872-704-8277,Cc5WdwS0Z8,Chelsea_Jacobs971@bulaffy.com,6,2/8/1982,0,FALSE,10/28/2022,0
176,Megan Bennett,"Chicksand  Way, 7867",0-461-456-3555,rxf7wB6ENs,Megan_Bennett316@brety.org,2,4/6/1972,1,FALSE,8/20/2022,1
177,Chris Janes,"Ely  Route, 6445",8-874-200-8161,ECYEDvXHcB,Chris_Janes4317@infotech44.tech,3,7/19/1980,0,FALSE,8/14/2022,1
178,Mike Hepburn,"Meadow Alley, 98",0-507-835-2826,8n6md7aTUB,Mike_Hepburn2860@naiker.biz,5,8/24/1982,0,FALSE,12/6/2022,1
179,Mona Gavin,"Westbourne Hill, 8205",2-668-645-5777,s4t9txTi6z,Mona_Gavin113@gembat.biz,4,9/17/1989,1,FALSE,5/24/2022,0
180,Mark Walsh,"Blackall   Drive, 7887",3-872-415-5165,Enk9TgDgjv,Mark_Walsh851@dionrab.com,4,12/14/2008,2,FALSE,6/20/2022,2
181,Maria Bennett,"Empress  Tunnel, 2031",4-137-501-2467,cWaAP2MfYU,Maria_Bennett2222@hourpy.biz,2,1/9/1996,2,FALSE,5/30/2022,2
182,Esmeralda Newman,"Apostle  Road, 7146",8-480-865-7638,Ab01TRAS1R,Esmeralda_Newman2641@bretoux.com,2,5/26/1999,1,FALSE,9/21/2022,0
183,Enoch Holt,"Bethwin  Avenue, 7556",1-715-111-8463,p7LbpPgerF,Enoch_Holt5190@cispeto.com,2,5/17/2010,1,FALSE,5/2/2022,2
184,Lillian Tailor,"Bingham   Tunnel, 4490",0-655-885-8374,wSypmWt0uP,Lillian_Tailor4629@gompie.com,2,9/12/2007,1,FALSE,9/5/2022,0
185,Taylor Archer,"Amwell    Route, 8449",6-825-511-6700,YzgMmGN6Hu,Taylor_Archer2354@corti.com,2,9/17/1984,0,FALSE,10/17/2022,0
186,Denny Lynch,"Calvin   Walk, 4994",5-443-816-6782,r4QFeZ8Slq,Denny_Lynch9405@corti.com,4,7/18/1990,1,FALSE,8/23/2022,1
187,Quinn Knight,"Angel  Route, 1563",2-731-885-0848,LrMys939bE,Quinn_Knight9122@liret.org,6,10/26/1996,2,FALSE,11/7/2022,2
188,Jackeline Sinclair,"Badric  Rue, 4074",8-888-823-1562,yH4FTiarwr,Jackeline_Sinclair1382@jiman.org,0,10/19/2009,2,FALSE,6/20/2022,1
189,Savannah Dann,"Arthur  Alley, 2274",6-070-481-6002,Fj3rwrxLOs,Savannah_Dann8591@supunk.biz,4,9/21/1997,1,FALSE,7/14/2022,1
190,Martin Smith,"Addison  Hill, 7905",4-746-501-3763,MF1f4pIh9Y,Martin_Smith6257@bretoux.com,0,10/27/2009,2,FALSE,8/28/2022,2
191,Kimberly Becker,"Cobden  Alley, 4202",3-266-501-4808,JojY1iZ9hU,Kimberly_Becker555@kideod.biz,5,7/17/1982,0,FALSE,9/11/2022,1
192,Rylee Brock,"Bedford  Avenue, 6559",7-217-127-6082,6ojFVw2arJ,Rylee_Brock4825@ubusive.com,2,9/14/1998,2,FALSE,12/8/2022,0
193,Ronald Uddin,"Victoria  Rue, 9085",0-262-253-3023,ENxfY9xOKL,Ronald_Uddin3326@nimogy.biz,5,7/18/2021,2,FALSE,8/10/2022,2
194,Kimberly Irwin,"Arlington  Drive, 9533",5-646-776-1720,Hafsqk5O5j,Kimberly_Irwin712@womeona.net,6,12/9/2013,0,FALSE,9/25/2022,1
195,Rowan Hooper,"Lake Lane, 1577",6-845-026-6782,12EYeLh2m6,Rowan_Hooper45@fuliss.net,1,11/23/2004,2,FALSE,11/24/2022,0
196,Mason Bradley,"Durweston   Lane, 5499",5-181-360-6812,SFRNr3S868,Mason_Bradley5557@naiker.biz,3,11/15/1976,2,FALSE,12/5/2022,2
197,Lauren Huggins,"Thomas Doyle   Walk, 9197",1-526-844-6746,S36jAZUAt5,Lauren_Huggins2128@guentu.biz,1,5/22/1982,0,FALSE,9/21/2022,0
198,Molly Quinn,"Heritage Rue, 5838",1-082-853-6602,w1E94qDg43,Molly_Quinn7650@grannar.com,2,3/28/2019,0,FALSE,10/15/2022,2
199,Cedrick Blackburn,"Carlton  Street, 6417",5-801-171-3086,PetqWehWNw,Cedrick_Blackburn5545@gompie.com,3,12/16/1988,1,FALSE,10/1/2022,1
200,Greta Stone,"Durnford  Street, 1407",5-362-438-8623,tNA1DXbxOq,Greta_Stone7076@bungar.biz,6,5/6/1984,1,FALSE,9/24/2022,2
