ID,Name,Address,Phone,WeChat,Email,Profession,Birth,Risk,hasDDL,Deadline,Treatment
1,Ronald Donovan,"Coal Wharf  Road, 1344",8-415-251-1271,98bI1GFrbx,Ronald_Donovan3396@kideod.biz,6,11/18/1981,0,TRUE,8/17/2022,2
2,Mona Eaton,"Monroe Road, 3956",1-886-071-7428,IblViEOVHA,Mona_Eaton9007@qater.org,5,12/11/1989,1,FALSE,7/23/2022,1
3,Alexander Avery,"Cliffords  Lane, 4222",8-660-427-5143,Si5YOHHWMA,Alexander_Avery7208@kideod.biz,5,9/26/2018,0,FALSE,6/16/2022,2
4,Sebastian Larsen,"Chart   Boulevard, 735",0-117-305-1806,OWqZQT3E0N,Sebastian_Larsen7347@twipet.com,4,4/6/1987,2,FALSE,5/11/2022,0
5,Mike Morris,"Caldwell   Avenue, 8905",0-822-780-5478,Tvc1R5gfVF,Mike_Morris161@ubusive.com,5,2/21/1971,1,FALSE,11/5/2022,1
6,Sebastian Allen,"Blore  Lane, 3781",8-218-164-3387,8GHxBocNXg,Sebastian_Allen9336@nanoff.biz,6,3/29/1974,1,TRUE,11/5/2022,0
7,Mike Chapman,"Chalcot  Hill, 2841",8-055-675-2375,D0g0DIQ180,Mike_Chapman9432@deavo.com,5,12/10/1976,2,TRUE,6/3/2022,2
8,Russel Stevenson,"Walnut Alley, 2864",5-517-060-0225,mgkb7V0cxb,Russel_Stevenson6305@grannar.com,2,10/3/2004,0,FALSE,11/3/2022,1
9,Leroy Warden,"Gatonby   Walk, 4187",8-263-346-2440,bGT0AC0Kri,Leroy_Warden1228@yahoo.com,6,6/24/1998,0,TRUE,6/23/2022,2
10,Hank Wilson,"Sherlock   Drive, 1485",5-734-224-7631,3sF1yNy3QD,Hank_Wilson7805@dionrab.com,2,3/19/1985,1,FALSE,5/16/2022,1
11,Johnathan Mooney,"Bolton  Hill, 2275",5-528-826-8108,HMtFywGPq5,Johnathan_Mooney3881@supunk.biz,0,7/11/1984,2,FALSE,5/30/2022,2
12,Isabel Cameron,"Elizabeth  Boulevard, 9764",7-383-686-1828,kO2SPOKmqP,Isabel_Cameron625@extex.org,0,8/12/2017,0,TRUE,7/4/2022,0
13,Evie Giles,"Canal  Route, 3260",4-866-244-3331,XipsyZ3gdF,Evie_Giles1969@yahoo.com,1,3/27/1971,0,FALSE,10/31/2022,1
14,Daron Lewis,"Linden Pass, 3831",6-416-370-0500,lb2OV5ep5q,Daron_Lewis5413@bretoux.com,4,4/26/2003,1,TRUE,9/2/2022,2
15,Rose Rodgers,"Kingly  Crossroad, 1431",2-630-617-8073,xmzqMLjDeT,Rose_Rodgers7673@gompie.com,0,9/28/1995,0,TRUE,7/16/2022,2
16,Greta Armstrong,"Canon Lane, 4915",0-516-064-2443,bQVzfKPjsp,Greta_Armstrong5342@naiker.biz,3,7/25/1995,0,FALSE,5/13/2022,0
17,Julius Garner,"Billing  Alley, 7870",4-175-173-2616,3oLyj0vOPi,Julius_Garner3985@twace.org,4,5/20/1995,2,FALSE,12/20/2022,1
18,Vera Groves,"Elizabeth  Tunnel, 6257",4-730-812-4677,wn1OFBJHqF,Vera_Groves6427@acrit.org,3,6/20/1979,2,FALSE,12/5/2022,2
19,Winnie Chester,"Egerton  Pass, 3216",1-281-216-2414,gDjgye01fa,Winnie_Chester4194@grannar.com,3,9/21/2017,0,FALSE,5/20/2022,2
20,Clarissa Graham,"Parkfields Tunnel, 143",7-327-735-8082,JPO3wseOI2,Clarissa_Graham6519@liret.org,0,11/18/1973,0,FALSE,5/26/2022,0
21,Ramon Barrett,"Ely  Way, 5458",4-380-286-1860,M7FIHNRsRP,Ramon_Barrett3643@qater.org,2,10/21/2015,1,FALSE,10/12/2022,2
22,Maya Rixon,"Coal Wharf  Pass, 1513",7-833-582-4656,zCVRLekMVX,Maya_Rixon2830@nimogy.biz,0,11/14/1971,1,FALSE,8/15/2022,2
23,Bryon Wade,"Bayberry Walk, 9790",5-068-178-4330,G6XwkOUUbj,Bryon_Wade453@fuliss.net,0,7/2/1978,2,TRUE,6/10/2022,2
24,Ada Roman,"Bermondsey    Crossroad, 1892",1-770-531-1770,qJUZjBkuZi,Ada_Roman4685@vetan.org,3,7/8/1982,1,FALSE,12/29/2022,1
25,Stephanie Smith,"Ensign   Hill, 8260",5-160-747-4712,9CcnuLa1hD,Stephanie_Smith4046@corti.com,2,7/8/2013,0,TRUE,8/7/2022,1
26,Luke Rigg,"Rosewood Hill, 7620",1-784-183-8445,tDAvLnUQPP,Luke_Rigg8312@joiniaa.com,1,6/19/2009,1,FALSE,12/18/2022,0
27,Quinn Robertson,"Rosewood Street, 8380",1-245-050-0156,dOUfVXtt7C,Quinn_Robertson3117@acrit.org,2,6/23/1998,1,TRUE,10/15/2022,1
28,Matt Jackson,"Rail Vale, 920",1-880-443-4508,wQPx22NDIw,Matt_Jackson1106@supunk.biz,4,5/27/2019,0,TRUE,5/7/2022,2
29,Elena Tobin,"Longmoore   Crossroad, 693",4-335-583-7511,Gv9TAfUETH,Elena_Tobin6407@eirey.tech,0,11/16/2020,1,TRUE,9/10/2022,0
30,Tyson Selby,"Battis   Road, 352",6-411-387-5375,BQf6zHRpRt,Tyson_Selby7594@irrepsy.com,6,2/23/2002,0,FALSE,7/5/2022,0
31,Owen Griffiths,"Angel  Pass, 472",4-525-042-7072,bEuS9ALfwM,Owen_Griffiths263@jiman.org,3,6/3/1999,2,TRUE,7/25/2022,1
32,Chester Osmond,"Queen Drive, 876",2-764-576-4655,Sl6zeTzAIx,Chester_Osmond317@bungar.biz,5,2/28/1995,2,TRUE,9/3/2022,0
33,Chadwick Emmott,"Camden  Crossroad, 7427",1-143-503-5727,o2zSR5ABQ6,Chadwick_Emmott2244@womeona.net,4,2/5/1973,1,TRUE,6/20/2022,2
34,Harry Sinclair,"Sheffield Alley, 4284",8-256-272-3113,Rulx8p6TI7,Harry_Sinclair2213@atink.com,2,4/8/1973,2,FALSE,11/3/2022,2
35,Julius Robinson,"Bush  Tunnel, 1902",2-602-087-3488,kO7cqGVoBL,Julius_Robinson6212@kideod.biz,3,5/24/1991,0,TRUE,8/12/2022,2
36,Megan Dickson,"Armory  Tunnel, 1373",4-218-611-8165,MJPApQm38i,Megan_Dickson6349@twace.org,2,2/17/1997,0,FALSE,9/2/2022,2
37,Jane Reading,"Hickory Lane Rue, 2242",8-305-416-3118,i6Rk1MxcrR,Jane_Reading222@hourpy.biz,6,7/30/1978,2,FALSE,6/17/2022,0
38,Sofie Evans,"Comet House  Crossroad, 3044",3-488-282-7855,qB763kIYMF,Sofie_Evans537@deavo.com,6,10/21/2020,0,FALSE,7/5/2022,1
39,Harriet Stevens,"Wadham  Way, 2103",0-260-446-0614,cJmNUvB8DW,Harriet_Stevens351@gompie.com,3,12/3/1989,1,TRUE,12/1/2022,0
40,Abdul Stewart,"Clere  Avenue, 4582",3-540-874-3880,93j08uMrdx,Abdul_Stewart8645@gmail.com,4,6/19/1984,1,FALSE,12/25/2022,0
41,Abdul Patel,"Victoria Rise Way, 5668",4-385-077-8310,I59ojN7xC1,Abdul_Patel5105@bulaffy.com,3,9/10/1970,2,FALSE,8/29/2022,2
42,Mona Camden,"Aspen Avenue, 3921",0-052-372-5705,grirAdcnNb,Mona_Camden4307@infotech44.tech,1,2/16/2007,0,FALSE,10/9/2022,2
43,Ema Vollans,"Victoria  Alley, 1824",5-748-485-0388,cFQ6mCXgqS,Ema_Vollans4330@womeona.net,4,11/1/1989,1,TRUE,6/4/2022,2
44,Ryan Foxley,"Birkin   Pass, 7420",1-430-213-1437,eIX3OV2hc4,Ryan_Foxley2773@corti.com,4,9/29/2011,2,TRUE,10/16/2022,2
45,Sienna Glass,"Monroe Route, 1778",6-771-055-0532,CgQz49wSGI,Sienna_Glass7404@cispeto.com,0,3/26/2006,2,TRUE,6/7/2022,2
46,Henry Brown,"Emily  Avenue, 1426",4-003-154-3857,RIPC6VudNz,Henry_Brown3019@twace.org,3,5/7/1979,1,TRUE,8/20/2022,0
47,Bernadette Weston,"Bell    Drive, 482",3-332-276-2276,rzTTM5lMyG,Bernadette_Weston2699@guentu.biz,1,11/2/1976,1,TRUE,7/10/2022,1
48,Tania Rowan,"Woodland Street, 3084",5-276-067-8731,D5H6HiMKH0,Tania_Rowan7666@vetan.org,2,11/30/1997,1,FALSE,7/12/2022,2
49,Sienna Hill,"Parkfields Vale, 3789",2-012-722-6467,rpFcxqfJf0,Sienna_Hill4306@irrepsy.com,6,4/7/1976,2,TRUE,10/20/2022,2
50,Joseph Cowan,"Fairview Hill, 2970",2-286-053-2341,4Dph2mPGsj,Joseph_Cowan2310@hourpy.biz,2,10/3/1970,0,FALSE,6/15/2022,2
51,Rick Nelson,"Buttonwood Walk, 5267",5-353-072-3281,WQ1tAZjum4,Rick_Nelson5302@fuliss.net,4,7/26/1984,1,TRUE,7/27/2022,1
52,Maxwell Rossi,"Boadicea   Boulevard, 2125",1-252-570-0121,68MmIW4HNz,Maxwell_Rossi947@infotech44.tech,2,10/1/2000,2,TRUE,8/6/2022,1
53,Harry Warren,"Marina  Vale, 4576",6-700-638-2887,qTHXEVStT2,Harry_Warren3836@jiman.org,4,1/18/2016,2,FALSE,6/27/2022,0
54,Greta Jacobs,"Wadham  Way, 1740",2-668-666-0132,l7zjVmeNcr,Greta_Jacobs4938@irrepsy.com,6,6/14/2005,1,TRUE,5/17/2022,1
55,Ethan Barclay,"Durnford  Lane, 1643",5-523-656-8013,gpKdyOvNgx,Ethan_Barclay221@irrepsy.com,5,5/15/1985,2,TRUE,10/13/2022,0
56,Roger Pitt,"Lexington Vale, 440",4-854-047-4018,4KXWhIjG8q,Roger_Pitt2962@sveldo.biz,4,6/2/1993,0,FALSE,9/26/2022,0
57,Sienna Allcott,"Timber   Way, 7413",8-425-460-2638,n9LVL22E9n,Sienna_Allcott1904@liret.org,4,7/4/2000,1,TRUE,5/20/2022,1
58,Sonya Clark,"St. Pauls  Street, 6882",0-688-381-3778,k3mGxOmCpa,Sonya_Clark748@guentu.biz,0,10/28/1984,0,FALSE,6/20/2022,1
59,Anthony Vinton,"Bletchley   Tunnel, 6123",5-814-542-2218,WaiQ7xwmpR,Anthony_Vinton5403@tonsy.org,4,10/9/2003,1,TRUE,9/7/2022,2
60,Chris Oatway,"Baynes  Avenue, 7825",4-330-178-0101,drkUEud0Gj,Chris_Oatway7761@nickia.com,0,9/11/2004,1,TRUE,5/15/2022,2
61,Noah Yard,"Biggerstaff   Hill, 7957",4-735-001-6086,ZiYNrsRVC1,Noah_Yard9948@gompie.com,2,10/29/2019,1,TRUE,12/10/2022,2
62,Anne Gray,"Canon Alley, 6137",7-174-057-8541,30h6hRDqP1,Anne_Gray3356@gmail.com,4,10/20/1972,2,TRUE,7/19/2022,0
63,Owen Wright,"Heritage Boulevard, 3120",8-228-206-3003,TT0vh0Ne0I,Owen_Wright3183@dionrab.com,0,2/9/1978,1,TRUE,8/14/2022,2
64,Jazmin Price,"Colombo   Grove, 294",4-137-003-2857,2gcLlOIvvT,Jazmin_Price5787@extex.org,5,5/4/2001,1,FALSE,8/21/2022,0
65,Kieth Mann,"Burton  Road, 1471",0-316-446-2162,6pos3IlL3b,Kieth_Mann4392@typill.biz,5,5/2/1978,0,FALSE,10/16/2022,1
66,Jolene Lynn,"Central  Boulevard, 511",4-267-846-1647,TFKrpiYkHc,Jolene_Lynn6602@liret.org,0,5/8/1972,0,FALSE,8/26/2022,1
67,Celina Mooney,"Howard Crossroad, 6440",5-825-337-8883,BnKkwCttho,Celina_Mooney6808@twace.org,6,6/13/2021,2,TRUE,12/23/2022,0
68,Caleb White,"Bacon  Rue, 6625",4-810-342-1451,8TT97yWnYX,Caleb_White9192@tonsy.org,2,10/12/1970,2,FALSE,8/18/2022,0
69,Fred West,"Enderby   Hill, 5241",6-730-381-2846,88QRiusAi8,Fred_West5703@elnee.tech,3,5/25/1980,0,TRUE,8/10/2022,2
70,Rowan Donnelly,"Chicksand  Road, 169",5-261-344-7748,zF9hGb42mF,Rowan_Donnelly9747@infotech44.tech,4,3/27/1975,1,TRUE,5/11/2022,1
71,Julian Hooper,"Boldero   Vale, 7301",2-146-255-7550,lOa5pRCEVS,Julian_Hooper5869@liret.org,6,2/20/1994,0,FALSE,7/5/2022,0
72,Maggie Sinclair,"Canon Route, 5095",3-328-633-2024,xLvaq2dR8a,Maggie_Sinclair5058@sheye.org,5,8/24/1987,0,FALSE,6/5/2022,0
73,Anthony Blackburn,"Zealand Street, 268",8-807-348-0660,C7YE3kil4m,Anthony_Blackburn3104@nanoff.biz,0,3/1/1976,2,FALSE,8/7/2022,2
74,Caleb Edmonds,"Bliss  Route, 8692",7-733-700-2403,sqTZmt6q7U,Caleb_Edmonds3760@tonsy.org,1,10/15/1983,1,TRUE,8/11/2022,2
75,Erick Sawyer,"Tiptree   Street, 153",2-716-168-8737,gRYhdmIIXT,Erick_Sawyer3887@bungar.biz,6,1/17/2004,0,TRUE,10/14/2022,0
76,Peter Crawley,"Archery  Vale, 5776",5-778-682-7151,xn0r55MFVK,Peter_Crawley9533@nickia.com,1,10/23/2008,2,FALSE,6/27/2022,1
77,Russel Summers,"Linda Lane Vale, 7577",3-666-372-7864,CWvZnLmK6E,Russel_Summers6970@yahoo.com,0,5/26/1987,0,FALSE,8/6/2022,2
78,Lana Craig,"Becher  Walk, 8618",4-850-417-2112,4zNqtqlWYF,Lana_Craig2523@naiker.biz,5,2/9/1986,2,TRUE,8/15/2022,2
79,Rachael London,"Gavel   Way, 1364",2-488-840-7516,llZvOJ6u4L,Rachael_London7526@supunk.biz,1,9/8/2006,2,FALSE,10/19/2022,2
80,Michael Hamilton,"Bennett  Pass, 8141",4-136-275-3418,FOs6eJuO6Z,Michael_Hamilton5782@famism.biz,0,12/20/1994,0,FALSE,12/10/2022,0
81,Kieth Mcgregor,"Longleigh   Drive, 8719",3-685-554-2253,jnxZ6JRLLM,Kieth_Mcgregor2593@twace.org,2,5/6/1985,0,TRUE,5/30/2022,0
82,Samantha Baker,"Bayberry Hill, 8571",5-305-735-3447,FhupJhoQ1u,Samantha_Baker1571@ovock.tech,2,3/21/1998,0,FALSE,7/21/2022,0
83,Hayden Miller,"Enford   Avenue, 9466",0-477-007-0631,7OqGZYuE1k,Hayden_Miller3489@atink.com,5,10/19/1975,0,FALSE,12/25/2022,0
84,Adela Fields,"King Street, 5097",0-657-433-0214,ZcmWsT7v5q,Adela_Fields6837@bulaffy.com,6,12/17/1990,2,FALSE,5/12/2022,1
85,Liam Kennedy,"Belmore  Boulevard, 7290",6-288-354-4808,ZTSzYxreVk,Liam_Kennedy5204@nanoff.biz,2,6/17/1978,2,FALSE,12/22/2022,0
86,Nathan Weldon,"Bond Hill, 8374",5-287-750-2630,Dw7IOHkvLq,Nathan_Weldon6346@deavo.com,3,8/2/1975,0,FALSE,10/17/2022,2
87,Florence Abbey,"Glenwood Hill, 5237",1-514-382-6882,HNWJ8ges41,Florence_Abbey7456@deons.tech,1,5/25/2006,0,FALSE,10/12/2022,2
88,William Todd,"Belmore  Road, 1964",6-031-155-6467,EnooXi4uJ9,William_Todd1345@kideod.biz,0,5/1/1983,0,FALSE,9/7/2022,1
89,Mavis Franks,"Gatonby   Alley, 1232",6-154-851-3564,hf3MhoO7qd,Mavis_Franks6172@irrepsy.com,2,12/23/1981,1,FALSE,5/1/2022,1
90,Manuel Owen,"York Vale, 6507",3-635-586-4261,I5YoDpPOY8,Manuel_Owen9966@bungar.biz,4,6/20/2005,1,FALSE,5/10/2022,0
91,Boris Plant,"Amwell    Pass, 2331",7-076-676-3831,PtvpWxq6xR,Boris_Plant8625@atink.com,6,6/13/2004,0,FALSE,11/17/2022,0
92,Celia Poulton,"Westcott  Lane, 8134",0-288-178-2588,h37765zEUx,Celia_Poulton1081@acrit.org,0,10/28/2001,0,FALSE,6/15/2022,0
93,Priscilla Miller,"Linden Crossroad, 8626",4-681-828-4058,VIkA961WwD,Priscilla_Miller1966@sveldo.biz,6,5/19/2010,0,FALSE,12/29/2022,1
94,Sabrina Carter,"Canon Alley, 3254",3-164-674-1160,FxDyToGVof,Sabrina_Carter1555@jiman.org,0,3/3/2004,2,FALSE,11/28/2022,2
95,Susan King,"Carlton  Vale, 9322",7-554-888-8343,A3ZyR7m2hf,Susan_King5155@joiniaa.com,0,3/20/2014,2,FALSE,11/11/2022,0
96,Vicky Flanders,"Linda   Vale, 7477",2-342-577-3107,3rkaWMgrnm,Vicky_Flanders2056@eirey.tech,2,12/10/2007,1,FALSE,11/8/2022,1
97,Carl Howard,"Byland  Hill, 9924",4-845-083-3836,9AfIEIIfRz,Carl_Howard3349@sheye.org,2,1/30/1984,0,FALSE,8/5/2022,1
98,Winnie Bristow,"Ampton  Boulevard, 8201",8-541-272-8818,0oPKJIOYce,Winnie_Bristow7832@dionrab.com,4,9/30/1970,1,FALSE,8/4/2022,1
99,Elijah Gordon,"Magnolia Road, 4717",3-351-243-6485,aM0UKh0Mkx,Elijah_Gordon9574@vetan.org,4,1/27/2012,2,FALSE,7/21/2022,1
100,Ally Goldsmith,"Callcott   Boulevard, 4593",2-263-783-8315,8UdpayAT2h,Ally_Goldsmith4035@hourpy.biz,4,9/13/2003,2,FALSE,12/23/2022,0
101,Michael Boden,"Epworth  Pass, 8460",0-056-232-6252,Mnc52aJu1r,Michael_Boden496@gembat.biz,0,9/19/1979,0,FALSE,6/21/2022,1
102,Chris Clark,"Bolingbroke  Tunnel, 2932",6-401-068-0731,Ee1ID0ejP2,Chris_Clark6687@womeona.net,0,6/11/1992,2,FALSE,5/20/2022,2
103,Javier Grant,"Clarges   Alley, 4191",0-466-010-3365,SeBaDA5rUz,Javier_Grant8116@ubusive.com,2,12/7/1987,2,FALSE,5/14/2022,2
104,Tyson Simpson,"Carol   Alley, 2870",5-478-777-7001,FXvkRHYZP6,Tyson_Simpson654@nimogy.biz,2,12/14/2003,2,FALSE,6/7/2022,0
105,Janice Roberts,"Buttonwood Hill, 5647",8-305-783-5572,fX1UfzbV62,Janice_Roberts5252@extex.org,0,3/31/2019,2,FALSE,7/9/2022,1
106,Rick Wren,"Rivervalley Hill, 6769",4-268-657-8024,h9nqXU8q0r,Rick_Wren4455@iatim.tech,2,5/26/2001,1,FALSE,8/17/2022,1
107,Oliver Oakley,"Dutton   Boulevard, 3007",1-276-767-1182,FXs8AndWJ6,Oliver_Oakley2880@elnee.tech,2,2/2/2013,0,FALSE,9/27/2022,2
108,Jacob Mcneill,"Ellerman   Avenue, 8598",6-434-433-1648,RoLWz3h3GF,Jacob_Mcneill4814@fuliss.net,0,11/18/1988,2,FALSE,8/18/2022,1
109,Luke Warren,"Chantry   Lane, 4622",2-456-125-3084,BAZwPfULe4,Luke_Warren3957@tonsy.org,0,12/15/1970,2,FALSE,12/16/2022,0
110,Cameron Radcliffe,"Calshot   Lane, 369",2-080-136-5618,jrYi4Sfp2A,Cameron_Radcliffe5093@nickia.com,0,10/5/2019,1,FALSE,8/3/2022,2
111,Noah Tate,"Sheringham   Drive, 5949",4-635-032-2772,VoDCxU3IoC,Noah_Tate1322@ovock.tech,3,10/24/2010,0,FALSE,8/28/2022,0
112,Maia Steer,"Carltoun   Road, 5780",1-166-704-2035,g6ViZy0yUM,Maia_Steer7647@fuliss.net,1,6/10/1990,2,FALSE,10/18/2022,2
113,Hannah Todd,"Clerkenwell Rue, 7465",1-737-082-1483,PQsXXIbVuM,Hannah_Todd9400@mafthy.com,2,1/8/2006,2,FALSE,12/21/2022,0
114,Chadwick Jackson,"Dunstable   Street, 4233",7-507-348-1116,A26hPPHItT,Chadwick_Jackson8604@ubusive.com,5,3/9/2020,1,FALSE,5/15/2022,0
115,Michael Jones,"Carol   Drive, 2445",3-416-886-1471,MCbHAUO0fU,Michael_Jones7940@gompie.com,1,12/29/1972,0,FALSE,8/2/2022,0
116,Drew Wilde,"Bacon  Lane, 21",1-866-878-7771,n6c4h6BpGN,Drew_Wilde7346@twace.org,3,8/2/1995,0,FALSE,7/22/2022,1
117,Hazel Campbell,"Spruce Tunnel, 1970",8-811-764-6877,n6ywZvINOy,Hazel_Campbell7514@naiker.biz,3,7/16/1998,0,FALSE,8/11/2022,1
118,Daron Fox,"Becher  Pass, 7498",1-211-467-4085,9nCXJIqmRY,Daron_Fox4116@vetan.org,3,6/21/1992,1,FALSE,11/23/2022,1
119,Rowan Shaw,"Carnegie   Road, 8444",6-701-734-6001,2UdVutnvsy,Rowan_Shaw3195@guentu.biz,4,11/28/1974,2,FALSE,9/15/2022,1
120,Gemma Ashley,"Bocking   Rue, 9938",2-135-284-8126,6zSCY7cE80,Gemma_Ashley3061@brety.org,1,1/28/1995,2,FALSE,7/30/2022,1
121,Rick Downing,"Bletchley   Tunnel, 1270",3-605-156-3615,4XsJ9cJFqv,Rick_Downing9128@fuliss.net,2,3/10/2020,2,FALSE,8/18/2022,2
122,Ethan Adams,"Eaglet  Alley, 8662",8-776-148-2531,xOkWdprqom,Ethan_Adams6365@cispeto.com,2,10/12/2006,0,FALSE,10/22/2022,1
123,Nicole Barrett,"Canon Vale, 5056",5-643-253-5514,jZbPSTdENt,Nicole_Barrett4637@deons.tech,4,10/22/2007,2,FALSE,7/29/2022,1
124,Paula Nicholls,"Bolingbroke  Alley, 595",5-070-418-5845,nK6vGqxsd4,Paula_Nicholls3778@naiker.biz,1,1/26/2009,1,FALSE,5/26/2022,2
125,Adina Ross,"Rivervalley Street, 5841",7-103-762-5381,YWlJMTsRXH,Adina_Ross7248@eirey.tech,3,7/31/1988,0,FALSE,9/2/2022,2
126,Bryce Middleton,"Jackson Route, 128",7-373-268-7732,2wzdG1eAZf,Bryce_Middleton1018@bretoux.com,1,9/23/1993,2,FALSE,11/29/2022,0
127,Tess Clayton,"College  Boulevard, 6417",4-327-757-6548,0Y5fsGj6r5,Tess_Clayton6632@hourpy.biz,3,11/2/1999,0,FALSE,6/21/2022,2
128,Gil Neville,"Thurloe   Grove, 8268",6-053-404-3675,U4mszlzRaG,Gil_Neville3243@cispeto.com,6,1/13/1987,0,FALSE,12/13/2022,0
129,Bethany Forth,"Walnut Road, 5396",7-063-170-4504,7K9sXfpGhW,Bethany_Forth4893@elnee.tech,2,8/5/2017,1,FALSE,10/26/2022,1
130,Ronald Andrews,"King Pass, 4439",7-138-884-1353,aReKYpbgMq,Ronald_Andrews3275@bungar.biz,5,7/14/1989,1,FALSE,11/14/2022,1
131,Sebastian Rodwell,"Birkenhead   Boulevard, 9439",4-038-328-2512,IigudLfgtx,Sebastian_Rodwell377@nimogy.biz,4,4/16/2012,2,FALSE,7/6/2022,2
132,Adina Widdows,"Caxton  Grove, 634",2-772-367-3820,l9lIcWrLZ0,Adina_Widdows2979@grannar.com,4,12/24/2015,2,FALSE,9/6/2022,0
133,Greta Shaw,"West Tunnel, 1280",0-064-751-4322,OuCNBSNZNo,Greta_Shaw9098@mafthy.com,5,10/23/2008,0,FALSE,7/9/2022,2
134,Kurt Saunders,"King Walk, 2149",0-445-724-0235,78EdLb6tCG,Kurt_Saunders6329@ubusive.com,1,9/17/2019,2,FALSE,8/17/2022,1
135,Carl Gray,"Besson  Lane, 4549",2-427-420-2513,nUsGXMRnkc,Carl_Gray8187@twipet.com,5,12/7/2019,2,FALSE,11/14/2022,1
136,Ruth Devonport,"Magnolia Rue, 6260",2-405-078-6078,FWU9eOczHy,Ruth_Devonport2327@kideod.biz,1,1/31/1987,2,FALSE,5/8/2022,2
137,Anthony Harris,"Buttonwood Pass, 1481",4-760-360-6223,2sjyCC1PJL,Anthony_Harris8392@brety.org,4,4/3/2011,0,FALSE,11/6/2022,2
138,Gabriel Pearson,"Walnut Walk, 6135",7-866-118-0128,1cl7qDGQKM,Gabriel_Pearson7288@nickia.com,1,2/2/1994,2,FALSE,8/26/2022,2
139,Alessandra Nicolas,"Elia   Route, 6378",2-416-180-1688,cHoZGQgSY8,Alessandra_Nicolas9023@yahoo.com,2,11/25/2010,0,FALSE,9/27/2022,0
140,Johnathan Olson,"Fairholt   Vale, 5495",6-020-704-3210,iq9oZdt82F,Johnathan_Olson2652@hourpy.biz,0,10/3/1985,2,FALSE,9/5/2022,2
141,Emma Price,"Elia   Way, 7557",6-350-603-6831,05PccORu6S,Emma_Price315@mafthy.com,3,10/17/2005,0,FALSE,11/20/2022,2
142,Ron Phillips,"Commercial  Boulevard, 2406",4-843-463-1216,SNocryEYC4,Ron_Phillips4724@joiniaa.com,1,3/24/2001,0,FALSE,11/7/2022,1
143,Sloane Moreno,"Epworth  Drive, 144",1-851-042-4647,lWTUAkRvx7,Sloane_Moreno7265@famism.biz,3,9/14/1991,0,FALSE,6/15/2022,0
144,Daniel Abbot,"King William  Street, 630",3-285-810-5146,OcMDe6HsyK,Daniel_Abbot5843@twipet.com,4,8/20/1983,1,FALSE,6/12/2022,0
145,Fred Lucas,"Baynes  Way, 2469",1-646-481-7238,rhY307VYon,Fred_Lucas1164@twace.org,5,7/24/1984,2,FALSE,10/20/2022,1
146,Tyson Michael,"Castile  Vale, 3024",1-561-447-6746,aA6m9mucFx,Tyson_Michael3982@famism.biz,6,10/31/2002,2,FALSE,11/6/2022,2
147,Chuck Murphy,"Bliss  Boulevard, 8094",5-482-524-5767,TEBetmsgBS,Chuck_Murphy7109@extex.org,2,4/24/2009,1,FALSE,9/14/2022,0
148,Johnny Reading,"Arline    Route, 3478",8-518-643-1573,sbSg2djiQF,Johnny_Reading6082@atink.com,1,6/12/1977,1,FALSE,7/2/2022,0
149,Johnathan Morris,"Maple Rue, 2922",8-025-271-1157,3LGQSb90gk,Johnathan_Morris9403@nickia.com,2,3/18/1998,0,FALSE,8/1/2022,1
150,Henry Walsh,"Bayberry Lane, 3043",8-628-236-2872,fJJrCU4Fyc,Henry_Walsh9576@infotech44.tech,2,1/26/1983,2,FALSE,5/4/2022,2
151,Manuel Aldridge,"Tiptree   Alley, 1831",7-133-572-6426,WaH08u7o7W,Manuel_Aldridge7671@elnee.tech,5,7/23/2012,1,FALSE,7/30/2022,1
152,Bryon James,"Cockspur  Pass, 3804",0-235-454-8650,rHIzBrmgOZ,Bryon_James7154@nanoff.biz,4,12/30/2015,0,FALSE,7/27/2022,1
153,David James,"Apsley    Tunnel, 1651",7-488-653-6005,9Gf7TFqqQG,David_James9552@hourpy.biz,1,4/3/1983,0,FALSE,9/30/2022,2
154,Cedrick Salt,"Clerkenwell Lane, 2161",6-740-730-6250,sLAE3qsrxK,Cedrick_Salt5796@kideod.biz,2,2/12/1990,0,FALSE,9/3/2022,0
155,Barry Allen,"Thrale   Boulevard, 8888",8-745-685-3241,FgICKaFrDs,Barry_Allen2862@gompie.com,1,6/12/1974,1,FALSE,8/3/2022,1
156,Nathan Hastings,"Woodland Rue, 4767",1-235-733-5337,aBRKoMTgi5,Nathan_Hastings9302@qater.org,3,12/19/1974,0,FALSE,6/3/2022,2
157,Domenic Dempsey,"Caxton  Route, 6660",7-321-088-0511,sTGhOc9ilr,Domenic_Dempsey6312@twipet.com,5,10/12/1981,1,FALSE,11/15/2022,0
158,Gemma Wood,"Clissold  Route, 1298",2-500-432-3658,0Xw8LEg3z8,Gemma_Wood1266@nimogy.biz,6,6/30/1989,1,FALSE,9/23/2022,1
159,Makenzie Radley,"Dunstable   Boulevard, 8046",8-506-787-1844,HzjJM7Ntin,Makenzie_Radley8263@infotech44.tech,4,11/3/1972,1,FALSE,10/1/2022,2
160,Aisha Taylor,"Caxton  Road, 4062",0-547-447-0200,VbtKHqYrns,Aisha_Taylor9145@iatim.tech,6,1/13/2018,2,FALSE,6/15/2022,2
161,Ramon Skinner,"Black Friars   Street, 5744",2-263-723-4865,mOYqHAj44k,Ramon_Skinner1410@ubusive.com,3,2/21/2016,0,FALSE,11/23/2022,1
162,Chris Donovan,"Dunstable   Vale, 6331",1-378-156-7538,rOS9L4PisI,Chris_Donovan3219@jiman.org,5,1/13/2017,0,FALSE,12/7/2022,2
163,Alexia Plumb,"Chapel  Tunnel, 3163",2-347-112-8115,7mbezIGDEI,Alexia_Plumb6590@brety.org,2,5/2/1996,1,FALSE,11/29/2022,1
164,Harriet Dempsey,"Thurloe   Avenue, 7612",7-488-581-8780,NTLKolDSDz,Harriet_Dempsey3346@acrit.org,2,5/29/1983,0,FALSE,12/27/2022,0
165,Teagan Flynn,"Tiptree   Walk, 5663",8-315-652-7061,xJc5cLorm7,Teagan_Flynn8160@bulaffy.com,0,1/24/2019,2,FALSE,12/24/2022,2
166,Allison Armstrong,"Clissold  Hill, 5995",7-122-414-1373,BEKlIbGqXB,Allison_Armstrong2038@guentu.biz,3,4/30/2011,1,FALSE,7/17/2022,2
167,Shelby Flanders,"Liverpool  Way, 7432",7-460-186-0180,CDMjkTydHp,Shelby_Flanders1074@sheye.org,6,1/17/1996,1,FALSE,10/2/2022,0
168,Rufus Randall,"Bethwin  Route, 8459",5-323-323-7414,rKdEutwkJ8,Rufus_Randall7865@brety.org,1,1/19/1988,2,FALSE,5/15/2022,1
169,Wade Harper,"Andrews  Grove, 2275",5-041-385-0776,vLM1ys9BMs,Wade_Harper2743@nanoff.biz,3,6/4/1978,2,FALSE,12/12/2022,2
170,Isabella Henderson,"Bekesbourne   Lane, 4084",5-428-223-2664,zXPfT5A8cq,Isabella_Henderson742@dionrab.com,0,10/13/2014,1,FALSE,8/26/2022,2
171,Gwen Baker,"Burton  Vale, 8648",5-062-208-0728,UlbshdPC21,Gwen_Baker5132@vetan.org,5,1/24/1982,2,FALSE,7/12/2022,0
172,Cynthia Redfern,"Chancellor  Rue, 7577",4-383-014-5806,vOQAFYAA6X,Cynthia_Redfern1878@supunk.biz,3,8/14/2020,1,FALSE,6/30/2022,1
173,Claire Pearce,"Baltic  Pass, 769",7-075-543-5062,SytXR8bYuq,Claire_Pearce155@dionrab.com,5,10/6/2010,2,FALSE,9/9/2022,1
174,Dani Hope,"Fawn Crossroad, 4343",7-737-687-7804,G19Y1AA1lV,Dani_Hope4728@deavo.com,4,11/29/1981,2,FALSE,12/24/2022,2
175,Harvey Fleming,"Baylis  Alley, 8270",1-306-032-2412,S2RFZJyll5,Harvey_Fleming9645@atink.com,5,1/12/1977,0,FALSE,6/29/2022,2
176,Ramon Kaur,"Empress  Hill, 7977",7-634-663-2745,ynf3ONNnu2,Ramon_Kaur3808@nanoff.biz,6,12/31/2018,2,FALSE,12/24/2022,1
177,Alexia Welsch,"Durham Road, 4622",8-205-831-3116,NTx4ejXjPR,Alexia_Welsch5155@joiniaa.com,5,8/12/1995,2,FALSE,9/24/2022,2
178,Benjamin Jenkin,"Lexington Road, 5061",3-866-367-4825,PDxLY0QKd2,Benjamin_Jenkin3157@iatim.tech,2,1/15/2000,2,FALSE,6/3/2022,0
179,Joyce Shaw,"Kilner   Grove, 7378",5-084-034-3846,FWjnDVRHJq,Joyce_Shaw7311@corti.com,4,7/18/1975,2,FALSE,9/20/2022,2
180,Amy Gray,"Ernest  Boulevard, 2282",5-614-406-6378,gkRDzlUaha,Amy_Gray5283@elnee.tech,0,2/28/2015,1,FALSE,10/15/2022,0
181,Ellen Fox,"King Alley, 541",7-151-804-5301,CqwxIRDo1x,Ellen_Fox7618@sveldo.biz,4,6/14/1976,2,FALSE,7/4/2022,0
182,Sasha Horton,"East Street, 8128",0-655-654-1036,fVNPGC99Md,Sasha_Horton8337@sheye.org,2,7/12/2012,0,FALSE,6/10/2022,0
183,David Bennett,"Fair Crossroad, 4807",1-353-362-0151,8S9UQ4QvI0,David_Bennett2327@deons.tech,3,6/16/1980,1,FALSE,12/7/2022,0
184,Margot Donovan,"Bury  Lane, 638",2-614-216-7441,6wtn5SENqG,Margot_Donovan7587@gompie.com,6,9/22/2004,2,FALSE,5/14/2022,0
185,Ally Rust,"Magnolia Street, 73",0-608-886-3707,IIN7gNO2lU,Ally_Rust8944@bungar.biz,1,11/26/1992,2,FALSE,12/7/2022,1
186,Anais Bowen,"Dunton  Road, 7000",8-487-383-1627,xpmpH0tgTX,Anais_Bowen6377@corti.com,2,4/20/1980,1,FALSE,11/6/2022,1
187,Denis Parker,"Battersea   Crossroad, 5278",2-434-600-2444,AErTW9loZm,Denis_Parker4761@mafthy.com,0,12/14/1998,0,FALSE,6/3/2022,2
188,Eduardo Palmer,"Thoresby   Way, 881",8-038-164-4727,Xba4u0QAdg,Eduardo_Palmer5905@gembat.biz,4,8/14/1991,1,FALSE,5/19/2022,2
189,Michael Pierce,"Dunton  Lane, 7848",6-056-862-4030,B5HiV0qjap,Michael_Pierce4602@guentu.biz,3,3/15/1979,2,FALSE,10/12/2022,0
190,Leanne Emmett,"Dunstans  Pass, 6624",3-582-201-8806,XBeGPMKkMX,Leanne_Emmett4420@womeona.net,5,7/4/2004,1,FALSE,8/8/2022,2
191,Gil Ebbs,"Carnegie   Vale, 1218",5-477-622-7042,v1hR7FRmcW,Gil_Ebbs4226@grannar.com,6,5/30/2006,1,FALSE,11/6/2022,2
192,Emmanuelle Mcneill,"Emden   Road, 3721",5-757-754-3508,M7ruN5AKY1,Emmanuelle_Mcneill1271@acrit.org,0,3/9/2009,2,FALSE,8/7/2022,1
193,Erica Tyler,"Arline    Road, 568",6-043-055-2628,ifofdehEO2,Erica_Tyler1429@kideod.biz,1,5/28/2004,2,FALSE,8/8/2022,2
194,Kimberly Lewin,"Sherwood  Road, 1671",8-465-378-5630,QpvLliNuem,Kimberly_Lewin9340@kideod.biz,3,3/30/2018,0,FALSE,11/17/2022,2
195,Taylor Thomas,"Apollo  Crossroad, 8140",5-384-214-2802,aLfhDBNtmR,Taylor_Thomas5190@gompie.com,0,1/2/1999,1,FALSE,6/6/2022,1
196,Alan Howard,"Bliss  Tunnel, 7839",2-348-333-0313,OENgHy15vZ,Alan_Howard7392@nimogy.biz,1,4/26/2016,1,FALSE,5/23/2022,0
197,Greta Watson,"Hammersmith  Pass, 1639",0-633-386-1363,GCdWhnUFxV,Greta_Watson1075@gmail.com,0,5/15/1974,2,FALSE,5/21/2022,0
198,Jenna Phillips,"Camdale  Pass, 9737",7-778-780-4572,se7y9SWRFo,Jenna_Phillips5713@jiman.org,5,3/15/2003,2,FALSE,6/24/2022,2
199,Peter Wilson,"Thorndike   Vale, 984",2-640-236-1853,6DoTRlASr9,Peter_Wilson7250@nimogy.biz,6,9/10/1999,0,FALSE,10/26/2022,1
200,Noah Wade,"Elizabeth  Hill, 2690",3-731-122-8767,PIcGjEmgQO,Noah_Wade3719@atink.com,4,4/20/2018,2,FALSE,7/2/2022,0
